email,company,website,city,state,profession
brett@greyharebookkeeping.com,"Bookkeeping Connection",http://greyharebookkeeping.com,Avondale,Arizona,Accountant
maryreha@mlrprotaxservice.com,"MLR Professional Tax and Accounting Services",http://www.mlrprotaxservice.com,Goodyear,Arizona,"Tax preparation service"
katie@taxmom.info,TaxMom,http://taxmom.info,Avondale,Arizona,"Tax preparation service"
info@debitscreditsbookkeeping.com,"American Tax & Services",http://www.debitscreditsbookkeeping.com,Avondale,Arizona,"Tax preparation service"
kimberly@kmorancpa.com,"Kimberly A. Moran CPA",http://www.kmorancpa.com,"Litchfield Park",Arizona,Accountant
info@barrfinancialaz.com,"Barr Financial Services LLC",http://www.barrfinancialaz.com,"Litchfield Park",Arizona,Accountant
info@ems-arizona.com,"David P Meese Jr PLC",http://www.ems-arizona.com,Goodyear,Arizona,Accountant
traci.kincaid@meetcambium.com,"Cambium Consulting",http://www.meetcambium.com,Avondale,Arizona,"Bookkeeping service"
info@taxgeeksllc.com,"Phoenix Tax & Accounting Services",http://www.taxgeeksllc.com,Peoria,Arizona,"Chartered accountant"
reception@pwatkinscpa.com,"Pamela Watkins CPA",http://www.pwatkinscpa.com,Surprise,Arizona,Accountant
mindypassmore@b2bcfo.com,"Mitchell CFO Services",http://www.b2bcfo.com,Goodyear,Arizona,"Accounting firm"
ms@sierravistacpa.com,"Sierra Vista CPA LLC",http://sierravistacpa.com,"Sierra Vista",Arizona,"Chartered accountant"
sierra@eaglecrest.us,"Iona Tax Services",http://www.taxcpaexperts.com,"Casa Grande",Arizona,"Tax preparation service"
info@sbiza.com,sBiza,http://sbiza.com,Chandler,Arizona,Accountant
info@acpaccounting.com,"ACP Accounting",http://www.accountingservicesbyacp.com,Chandler,Arizona,Accountant
info@chandleraccountant.com,"Schneider & Stone PLC",http://www.chandleraccountant.com,Chandler,Arizona,"Tax preparation service"
info@responsivetax.com,"Responsive Tax & Accounting Inc.",http://responsivetax.com,Chandler,Arizona,Accountant
amy@myventurecpa.com,"Venture CPA Partners",http://www.myventurecpa.com,Gilbert,Arizona,"Tax Service"
ralph@willettcpa.com,"Ralph Willett CPA PLC",http://www.willettcpa.com,Gilbert,Arizona,Accountant
help@countingworkspro.com,"Jeffrey J. Quatrone PLLC",http://www.jjqtaxprep.com,Phoenix,Arizona,"Tax preparation"
kjohnson@kevinjohnsoncpa.com,"Kevin D Johnson CPA P",http://kevinjohnsoncpa.com,Gilbert,Arizona,Accountant
info@lcwaccounting.com,"LCW Accounting",http://www.lcwaccounting.com,Chandler,Arizona,Accountant
sanjay@jawatax.com,"Jawa Sanjay CPA PC",http://jawatax.com,Gilbert,Arizona,Accountant
nancy@nancyprieve.com,"Nancy Prieve CPA",http://www.nancyprieve.com,Mesa,Arizona,"Chartered accountant"
wes@watson-cpa.com,"Jill O'shea CPA",http://watson-cpa.com,Gilbert,Arizona,Accountant
info@cfofin.com,"CFO Financial",http://www.cfofin.com,Chandler,Arizona,Accountant
info@richardadamscpa.com,"Adams Richard L CPA",http://www.richardadamscpa.com,Chandler,Arizona,Accountant
info@sundincpa.com,"Sundin & Company PLC",http://www.sundincpa.com,Chandler,Arizona,Accountant
tempe@experttaxaz.com,"Expert Tax & Accounting",http://www.experttaxaz.com,Tempe,Arizona,"Chartered accountant"
legacy@legacytaxresolutionservices.com,"Legacy Tax & Resolution Services",http://www.legacytaxresolutionservices.com,Chandler,Arizona,"Tax Lawyer"
karenfcorona@kfcoronacpa.com,"Karen F. Corona CPA Accounting & Tax Services",http://www.kfcoronacpa.com,Phoenix,Arizona,Accountant
info@sunincometax.com,"Sun Income Tax & Financial Services",http://www.sunincometax.com,Chandler,Arizona,"Tax preparation service"
greg@clouseandcompany.com,"Clouse & Company",http://clouseandcompany.com,Mesa,Arizona,"Chartered accountant"
info@bizsmartpayroll.com,Bizsmart,http://www.bizsmartbs.com,Gilbert,Arizona,Accountant
info@protaxaz.com,"Professional Tax & Accounting",http://protaxaz.com,Tempe,Arizona,"Tax preparation service"
mdanderson@webfsi.com,"Financial Strategies Inc.",http://www.mdanderson.us,Chandler,Arizona,"Financial Advisor"
kyle.yount@adp.com,"K&R Tax Accounting Services LLC",http://krtaxes.com,Mesa,Arizona,"Tax preparation service"
ryan@papecpa.com,"Ryan N Pape CPA PLLC",http://www.papecpa.com,Mesa,Arizona,"Tax preparation"
david@christinezfreelandcpa.com,"Christine Z Freeland CPA PC",http://christinezfreelandcpa.com,Chandler,Arizona,"Chartered accountant"
tlutzcpa@tlutzcpa.com,"Terry Lutz PC",http://terrylutzpc.com,Tempe,Arizona,Accountant
mike@scherrercpa.com,"MICHAEL C. SCHERRER CPA",http://scherrercpa.com,Tempe,Arizona,"Chartered accountant"
jcdcpa@jcdcpa.com,"James C. Darling CPA/PFS CFP",http://www.jcdcpa.com,Tempe,Arizona,"Chartered accountant"
megan.newman@americanbar.org,"Richard A. Kennedy CPA PC",http://www.richardakennedycpa.com,Tucson,Arizona,"Financial Advisor"
info@sritaxaz.com,"SRI Tax Services LLC",http://sritaxaz.com,Tempe,Arizona,"Bookkeeping service"
1040@famtax.com,"Family Tax Advantage",http://famtax.com,Chandler,Arizona,"Tax preparation service"
fuji@fujitaxaccounting.com,"fuji tax and accounting",http://www.fujitaxaccounting.com,Mesa,Arizona,Accountant
caryn@chstax.com,"CHS Tax & Business PLLC",http://www.chstax.com,Tempe,Arizona,"Chartered accountant"
kathy@allseasontax.com,"All Season Tax Center Inc.",http://www.allseasontax.com,Tempe,Arizona,"Tax preparation service"
info@provisionfinsvcs.com,"Le Tax Services",http://www.provisionfinsvcs.com,"Sun Lakes",Arizona,"Tax preparation service"
info@fialacpa.com,"Fiala CPA Tax & Accounting",http://fialacpa.com,Mesa,Arizona,"Tax preparation service"
qtran@arizonaserve.org,"CPA Arizona",http://azmesa.arizona.edu,Mesa,Arizona,Accountant
aashish@certifiedtaxpro.com,"FacTS:Finex Accounting and Tax Services",http://www.certifiedtaxpro.com,Phoenix,Arizona,"Tax Advisor"
ann@mauldincpas.com,"Mauldin Duane a CPA",http://www.mauldincpas.com,Mesa,Arizona,Accountant
doug@cjpr-cpa.com,"Cordova & Jones PC",http://www.cordovajones.com,Chandler,Arizona,Accountant
chuck@hummelcpa.com,"Charles Hummel CPA PC",http://hummelcpa.com,Mesa,Arizona,Accountant
kathy@krlcpa.com,"Kathleen R. Lindquist CPA",http://www.krlcpa.com,Tempe,Arizona,Accountant
info@larryturnercpa.com,"E Turner Lawrence CPA",http://larryturnercpa.com,Gilbert,Arizona,"Chartered accountant"
tan@jnjaccounting.com,"J & J Accounting & Consulting",http://www.jnjaccounting.com,Mesa,Arizona,"Tax Advisor"
online@valiantaccounting.com,"Valiant Accounting",http://www.valiantaccounting.com,Mesa,Arizona,Accountant
daddyhawki@cox.net,"Bernard Jack M",http://www.jackbernardcpa.com,Tempe,Arizona,Accountant
cammi@cpa4vets.com,"Bailey Camala CPA",http://bizgal.com,Tempe,Arizona,"Chartered accountant"
info@talleygold.com,"Christina R Talley CPA PLLC",http://www.talleygold.com,Flagstaff,Arizona,"Chartered accountant"
gail@gaildlowecpa.com,"Lowe Gail CPA",http://gaildlowecpa.com,Flagstaff,Arizona,"Chartered accountant"
terry@hnatyshak.com,"Hnatyshak G Terry CPA",http://www.hnatyshak.com,Flagstaff,Arizona,"Chartered accountant"
westchristensen@nazcpa.com,"West Christensen & Associates PC",http://flagstaffaccountingservices.com,Flagstaff,Arizona,"Tax preparation service"
taxesbyt@taxesbyt.com,"Susan E Butler CPA PLLC",http://www.taxesbyt.com,Flagstaff,Arizona,"Tax preparation service"
info@absolute.tax,"Absolute Tax & Financial Solutions",http://www.absolute.tax,Flagstaff,Arizona,"Bookkeeping service"
info@virtualbookkeeping.com,"Virtual Bookkeeping Corp.",http://virtualbookkeeping.com,Flagstaff,Arizona,"Bookkeeping service"
gbaker@genebakercpa.com,"Gene Baker CPA PC",http://genebakercpa.com,Flagstaff,Arizona,Accountant
roberta@robertamotter.com,"Motter Roberta CPA",http://robertamotter.com,Flagstaff,Arizona,Accountant
troy@tomshannoncpa.com,"Tom Shannon CPA Firm",http://tomshannoncpa.com,Flagstaff,Arizona,Accountant
todd@baerdesign.com,"Dynasty Quest Inc",http://www.dynastyquest.com,Sedona,Arizona,Accountant
contact@cossecpa.com,"Xavier T Cosse CPA",http://cossecpa.com,Sedona,Arizona,"Chartered accountant"
dlh@stratusbus.com,"Stratus Business Services",http://www.stratusbus.com,Sedona,Arizona,"Accounting firm"
office@ybcompanycpa.com,"YB Co - cpa tax accounting consulting",http://www.ybcompanycpa.com,Phoenix,Arizona,"Chartered accountant"
jeff@jbrookswa.com,"JBrooks Wealth Advisors - CPA CFP PC",http://jeffbrookscpa.com,Phoenix,Arizona,Accountant
sturner@smithaccountingaz.com,"Smith Accounting",http://www.smithaccountingaz.com,Phoenix,Arizona,Accountant
spowell@colbypowell.com,"Colby & Company",http://www.colbyco.com,Gilbert,Arizona,Accountant
mabondell@obcpas.com,"Owens & Bondell PLLC",http://www.obcpas.com,Phoenix,Arizona,Accountant
kevin@klearbookkeeping.com,"MS Tax and Accounting Services LLC",http://klearbookkeeping.com,Glendale,Arizona,"Tax preparation service"
info@aztaxservice.com,"Metz Tax Services",http://aztaxservice.com,Glendale,Arizona,"Tax preparation service"
steve@stevenojaycpa.com,"Steven O. Jay",http://www.stevenojaycpa.com,Glendale,Arizona,Accountant
veronicasas@succentrix.com,"Succentrix Business Advisors",http://www.succentrixphoenix.com,Glendale,Arizona,Accountant
glenn@grmcpas.com,"Glenn R Millar PC",http://www.grmcpa.com,Peoria,Arizona,Accountant
karen@karencpa.com,"Hill Accounting & Tax PLC - CPA",http://www.karencpa.com,Phoenix,Arizona,"Chartered accountant"
computaxaccounting1@computaxaz.com,"Compu Tax & Accounting",http://www.computaxaz.com,Phoenix,Arizona,"Tax preparation"
tammy@sba-tax.com,"Small Business Accounting Tax & Bookkeeping Service",http://www.sba-tax.com,Phoenix,Arizona,"Tax preparation"
info@egan-tax.com,"Kathy Egan CPA",http://kathyegancpa.com,Phoenix,Arizona,"Tax preparation"
bookkeeping@tyteksolutionsusa.com,"Cailean CPA & Bus Conslnt LLC",http://www.tyteksolutionsusa.com,Glendale,Arizona,Accountant
irankin@heritageadvisorsllc.com,"Kennedy Ehrler & Associates LLC",http://www.kecpas.com,Phoenix,Arizona,Accountant
emktaxandaccountingllc@cox.net,"EMK Tax & Accounting LLC",http://www.emktaxandaccountingllc.com,Waddell,Arizona,"Tax preparation service"
jhaas@advisornet.com,"Strategic Tax Planning LLC",http://www.wealthadv4u.com,Peoria,Arizona,"Tax preparation service"
leonard@baker-griffin.com,"Leonard F. Baker CPA PC",http://baker-griffin.com,Glendale,Arizona,Accountant
mrh@phxcpa.net,"Karpinski Bernstein & Adler P.L.C.",http://phxcpa.net,Phoenix,Arizona,"Chartered accountant"
daryl@roffandassociates.com,"Roff & Associates",http://www.roffandassociates.com,Phoenix,Arizona,"Tax preparation service"
jtodd@jctodd2cpa.com,"John C Todd II PC",http://www.jctodd2cpa.com,Phoenix,Arizona,Accountant
bps007@earthlink.net,"Siegel Barry CPA",http://www.barrypsiegelcpa.com,"Sun City West",Arizona,Accountant
chagercpa@cox.net,"Coleen Hager CPA",http://coleenhagercpa.com,Phoenix,Arizona,Accountant
information@semplecpa.com,"Semple Marchal & Cooper LLP",http://www.semplecpa.com,Phoenix,Arizona,"Chartered accountant"
info@cavazoscpa.com,"Cavazos Accounting & Consulting PLLC",http://www.cavazoscpa.com,Phoenix,Arizona,Accountant
steve@rhuecpa.com,"R. Steven Rhue CPA PC",http://www.rhuecpa.com,Phoenix,Arizona,Accountant
brendan.kennedy@atlasfirms.com,"Atlas CPAs & Advisors",http://atlascpas.com,Phoenix,Arizona,"Chartered accountant"
psimpson@royalaa.com,"G & A CPA and Advisors",http://www.gandacpas-az.com,Phoenix,Arizona,Accountant
jdanovich@moneyconcepts.com,"James V Danovich CPA",http://jvdanovich.com,Phoenix,Arizona,"Investment service"
jim.phillips@accountantsunlimited.net,"Accountants Unlimited",http://www.accountantsunlimited.net,Phoenix,Arizona,Accountant
margaret@mas-cpa.com,"Margaret A Stallworthy CPA",http://www.mas-cpa.com,Phoenix,Arizona,Accountant
info@tallcpa.com,"Henry W Varga PLC",http://henrywvargaplc.com,Kingman,Arizona,"Accounting firm"
cjohnson@booksandbalancesllc.com,"All Accounting Solutions",http://www.allaccountingsolution.com,Kingman,Arizona,Accountant
info@desertskydevelopment.com,"Desert Sky Bookkeeping",http://desertskydevelopment.com,Kingman,Arizona,"Tax preparation service"
lhc@mvtaxservice.com,"Mountain View Tax Services & Accounting",http://mvtaxservice.com,"Bullhead City",Arizona,"Tax preparation service"
stan@sjbcpa.com,"Baran Stanley J CPA",http://sjbcpa.com,Kingman,Arizona,Accountants
gdk@gdkcpa.com,"GDK CPA LLC",http://www.gdkcpa.com,"Lake Havasu City",Arizona,"Chartered accountant"
cindy@aeserviceslhc.com,"A & E Services",http://www.aeserviceslhc.com,"Lake Havasu City",Arizona,"Chartered accountant"
dianna@a-ztax.com,"A-Z Tax & Business Services",http://a-ztax.com,"Lake Havasu City",Arizona,"Tax preparation service"
info@tccpa.com,"T Carmichael PC",http://tccpa.com,Mesa,Arizona,"Chartered accountant"
mhardle@cpagbg.com,"Michael R Gallacher Accounting",http://gallachercpa.com,Mesa,Arizona,Accountant
marnee@lusterrogers.com,"Luster Rogers",http://www.lusterrogers.com,Mesa,Arizona,Accountant
neil@npatelcpa.com,"Neil P. Patel CPA",http://www.npatelcpa.com,Mesa,Arizona,"Chartered accountant"
patrick@parcpas.com,"Packard Appleby & Rogers P.C.",http://packard-appleby.com,Mesa,Arizona,"Chartered accountant"
cpa@solomoncpaz.com,"SOLOMON CPAs & Financial Services",http://www.solomoncpaz.com,Mesa,Arizona,"Chartered accountant"
lgalloway@g2az.com,"galloway and galloway associates",http://www.g2az.com,Mesa,Arizona,Accountant
sherene@taxesaffordable.com,"Taxes Affordable",http://www.taxesaffordable.com,Mesa,Arizona,"Tax preparation service"
vicki@fullerbentley.com,"Fuller Bentley PLLC",http://www.fullerbentley.com,Mesa,Arizona,"Chartered accountant"
kboudreau@bcsbs.net,"Boudreau Consulting LLC",http://www.boudreauconsulting.com,Mesa,Arizona,"Tax preparation"
wcoffman@tcoa.net,"Tax Centers of America",http://www.tcoa.net,Mesa,Arizona,"Tax preparation service"
fiala@fialacpa.com,"Farm CPA & Tax Preparation",http://www.farmcpa.com,Mesa,Arizona,"Chartered accountant"
shaunnas@pivotaltax.com,"Pivotal Tax Solutions",http://www.pivotaltax.com,Mesa,Arizona,"Tax Advisor"
jodie@tpgpc.com,"TPG Tax & Accounting PC",http://www.tpgpc.com,"Apache Junction",Arizona,"Tax preparation service"
frontdesk@copperstatecpas.com,"Copperstate CPAs PLC",http://www.copperstatecpas.com,Scottsdale,Arizona,Accountant
info@scottsdale-cpas.com,"Tim Walch CPA PC",http://www.walchcpa.com,Scottsdale,Arizona,"Chartered accountant"
jandy@directaccountingsolutions.com,"Direct Accounting Solutions LLC",http://www.directaccountingsolutions.com,Scottsdale,Arizona,Accountant
jane@jahondorpcpa.com,"J A Hondorp Ltd",http://jahondorpcpa.com,Tempe,Arizona,Accountant
jennifer@jctaxsolutions.com,"JC Tax Solutions LLC",http://www.jctaxsolutions.com,Mesa,Arizona,"Tax preparation service"
mbuc310@cox.net,"Assured Tax Service",http://www.assuredtax.com,Mesa,Arizona,"Tax preparation service"
ggarcia@g2az.com,"Galloway & Garcia LLC",http://gallowaygarcia.com,Mesa,Arizona,"Accounting firm"
mike@cpabg.com,"Michael R Gallacher Accounting",http://www.azphoenixtax.com,Mesa,Arizona,"Tax preparation service"
djeong@jeong-lizardi.com,"Jeong Lizardi PC",http://jeong-lizardi.com,Nogales,Arizona,"Tax preparation service"
taxes@addingmachine.com,AddingMachine.com,http://www.addingmachine.com,Phoenix,Arizona,"Chartered accountant"
info@vaiil.com,"Khalsa McBrearty Accountancy",http://www.kmacpa.net,Phoenix,Arizona,Accountant
jfurst@furst-cpa.com,"Furst & Associates P.C.",http://www.furst-cpa.com,Phoenix,Arizona,"Chartered accountant"
mukail@mukaigreenlee.com,"Mukai Greenlee & Co",http://www.mukaigreenlee.com,Phoenix,Arizona,Accountant
richardj@crjpc.com,"Fishetti Jim CPA",http://www.crjpc.com,Phoenix,Arizona,Accountant
jkramer@kramercpaphoenix.com,"Kramer Public Accounting Group P.C.",http://www.kramercpaphoenix.com,Phoenix,Arizona,"Chartered accountant"
lisa@lmwheelercpa.com,"Lisa M. Wheeler CPA",http://www.lmwheelercpa.com,Phoenix,Arizona,Accountant
chuck@rcthornton.com,"R.C. Thornton & Associates LLC CPAs",http://www.rcthornton.com,Phoenix,Arizona,Accountant
kwiktax@phxcoxmail.com,"Kwik Tax and Accounting",http://kwiktaxandaccounting.com,Phoenix,Arizona,"Financial Advisor"
rob@robpaullcpa.com,"Rob Paull CPA PC",http://robpaullcpa.com,Phoenix,Arizona,Accountant
allisons@urkecpa.com,"Jon Burdell/Urke Steven K CPA",http://www.urkecpa.com,Phoenix,Arizona,Accountant
tatiana@itraccounting.com,"ITR Accounting and Tax Solutions",http://www.itraccounting.com,Phoenix,Arizona,"Tax preparation"
uniontax@rocketmail.com,"United Tax Services",http://www.utstax.com,Phoenix,Arizona,"Tax preparation service"
info@aztaxlawyers.com,"Denny & Boulton P.C.",http://www.aztaxlawyers.com,Phoenix,Arizona,"Tax Lawyer"
support@taxsupply.com,Taxsupply.Com,http://taxsupply.com,Phoenix,Arizona,"Tax preparation service"
bob@baldwinmoffitt.com,"Moffitt & Company P.C.",http://www.moffittandcompany.com,Phoenix,Arizona,"Certified public accountant"
info@balancedrightaz.com,"Balanced Right",http://www.balancedrightaz.com,Phoenix,Arizona,Accountant
steven@stevenpricecpa.com,"Steven Price CPA",http://smpricecpa.com,Phoenix,Arizona,Accountant
bwilliams@vtdcpa.com,"Vavrinek Trine Day & Co LLP",http://www.vtdcpa.com,Phoenix,Arizona,"Chartered accountant"
kat@geekgirlfinancial.com,"Henges & Befort Ltd",http://www.geekgirlfinancial.com,Phoenix,Arizona,Accountant
info@onthemoneyaz.com,"On the Money LLC",http://www.onthemoneyaz.com,Phoenix,Arizona,"Accounting firm"
rhonda@isaccounting.com,"Initiative Solutions Accounting",http://www.isaccounting.com,Tempe,Arizona,Accountant
share@mbcpas.org,"Mikkelson Craig Cpa",http://mbcpas.org,Phoenix,Arizona,Accountant
mike@mftaxacct.com,"Michael J. Fratantoro CPA PLLC",http://www.mftaxacct.com,Phoenix,Arizona,Accountant
info@profitableaccounting.net,"Profitable Accounting",http://www.profitableaccounting.net,Phoenix,Arizona,Accountant
accountant@azaccutax.com,"AZ Accutax",http://azaccutax.com,"Laveen Village",Arizona,"Accounting firm"
info@gbsaccountingandtaxcpas.com,"GBS ACCOUNITNG & TAX CPAS",http://www.gbsaccountingandtaxcpas.com,Phoenix,Arizona,"Accounting firm"
michael@calisicpa.com,"Michael C Calisi CPA",http://calisicpa.com,Phoenix,Arizona,Accountant
lisaj@wjcpa.com,"Whitman & Jackson CPAs",http://www.wjcpa.com,Phoenix,Arizona,"Tax preparation service"
michael@michaelmzimmermanpc.com,"Michael M. Zimmerman PC",http://michaelmzimmermanpc.com,Phoenix,Arizona,Accountant
bh@bhatax.com,"Brad Huss & Associates",http://www.bhatax.com,Scottsdale,Arizona,"Tax preparation service"
helpdesk3@optum.com,"P MSI",http://pmsionline.com,Phoenix,Arizona,Accountant
taxes@caileancpa.com,"Cailean CPA & Business Consultant",http://www.caileancpa.com,Peoria,Arizona,Accountants
support@omnis.com,"Biggs Cagan & Cherry",http://bcccpas.net,Phoenix,Arizona,Accountants
peterson79@cableone.net,"Precision Tax & Accounting Services",http://www.precisiontaxprescott.com,Prescott,Arizona,Accountant
bill@cableone.net,"William Roberts  PC CPA",http://www.prescottcpa.com,Prescott,Arizona,"Chartered accountant"
blantero@lanterocpas.com,"Victor R. Pereboom CPA PC",http://www.vicpereboomcpa.com,Prescott,Arizona,Accountant
info@nickherbcpa.com,"Nick Herb Accounting Services PC",http://www.nickherbcpa.com,"Prescott Valley",Arizona,"Chartered accountant"
dakri@suttonaccounting.com,"Sutton Accounting & Tax Services",http://suttonaccounting.com,"Prescott Valley",Arizona,Accountant
monicaf@prescottaccountants.com,"Matt Holdsworth CPA",http://holdsworthcpa.com,Prescott,Arizona,Accountant
lauren@fumagallitax.com,"Fumagalli Tax Consulting",http://www.fumagallitax.com,Cottonwood,Arizona,"Accounting firm"
info@redrockazcpas.com,"Red Rock Accounting Group LLC",http://www.redrockazcpas.com,Cottonwood,Arizona,"Chartered accountant"
neva@clandcompany.com,"C L & Co CPAs",http://www.clandcompany.com,Scottsdale,Arizona,Accountant
anne@annerosscpa.com,"Anne Ross CPA LLC",http://www.annerosscpa.com,Scottsdale,Arizona,Accountant
mike@michaelstuckcpa.com,"Stuck Michael L CPA",http://www.michaelstuckcpa.com,Scottsdale,Arizona,"Chartered accountant"
mark@baddarcpa.com,"Mark Baddar CPA PC",http://www.baddarcpa.com,Scottsdale,Arizona,"Chartered accountant"
scott@srbellcpa.com,"Scott Bell LLC",http://www.srbellcpa.com,Scottsdale,Arizona,Accountant
mharnden@markmharndencpa.com,"Mark M Harnden PC",http://markmharndencpa.com,Scottsdale,Arizona,Accountant
glenn.kroemer@azhth.com,"Hopkins Tameron Hostal PLLC",http://www.azhth.com,Scottsdale,Arizona,"Chartered accountant"
hollenberg@cpaforhire.com,"CPA for Hire PC",http://www.cpaforhire.com,Scottsdale,Arizona,Accountant
mattm@mccluretax.com,"Matthew B. McClure CPA PLLC",http://www.mccluretax.com,Scottsdale,Arizona,Accountant
sreynolds@sjrcpaplc.com,"Sharon J Reynolds CPA",http://www.sjrcpaplc.com,Scottsdale,Arizona,Accountant
cathy.young@azhth.com,"HTH Levidow",http://www.hthlevidow.com,Scottsdale,Arizona,"Chartered accountant"
marsha@marshabrooks.com,"Marsha Brooks PC",http://marshabrooks.com,Scottsdale,Arizona,Accountant
info@genesistaxadvisors.com,"Genesis Tax Advisors LLC",http://www.genesistaxadvisors.com,Scottsdale,Arizona,"Tax preparation service"
info@cdlaccounting.com,"CDL Accounting",http://www.cdlaccounting.com,Tempe,Arizona,Accountant
info@youngfta.com,"Robyn D Young CPA LLC",http://www.youngfta.com,Scottsdale,Arizona,"Tax preparation service"
vickie@vswagner.com,"V S Wagner Corporation",http://vswagner.com,Scottsdale,Arizona,"Tax preparation service"
scott@nscpaz.com,"North Scottsdale CPA & Consulting PC",http://www.northscottsdale-cpa.com,Scottsdale,Arizona,"Accounting firm"
mklecka@conservatorsofaz.com,"Conservators of Arizona",http://www.conservatorsofaz.com,Phoenix,Arizona,Accountant
mccoy@smccoytax.com,"Mc Coy Sean",http://www.smccoytax.com,Phoenix,Arizona,"Tax preparation service"
info@amermcpa.com,"Amer CPA Accounting & Tax PC",http://www.amermcpa.com,Scottsdale,Arizona,"Chartered accountant"
info@nationwidecpas.com,"Nationwide CPA",http://nationwidecpas.com,Scottsdale,Arizona,"Chartered accountant"
cpa@sgkcpa.net,"Steven G Kopack CPA PLLC",http://www.sgkcpa.net,Scottsdale,Arizona,Accountant
anna@sascpafirm.com,"SAS CPA FIRM",http://www.sascpafirm.com,Scottsdale,Arizona,Tax
info@aspirefinancialllc.com,"Aspire Financial LLC",http://aspirefinancialllc.com,Scottsdale,Arizona,Accountant
bill@williamewheeler.com,"William E. Wheeler CPA/PFS",http://www.williamewheeler.com,Scottsdale,Arizona,Accountant
mhill@frostpllc.com,"Frost PLLC CPA",http://www.frostpllc.com,Scottsdale,Arizona,"Chartered accountant"
stephan@skingcpa.com,"Stephan King PC",http://www.skingcpa.com,Scottsdale,Arizona,"Chartered accountant"
info@agasitax.com,"Agasi Tax & Financial PLLC",http://agasitax.com,Scottsdale,Arizona,"Tax preparation service"
lynn@danlevinecpa.com,"Daniel Levine",http://www.danlevinecpa.com,Scottsdale,Arizona,"Chartered accountant"
info@wagnerfinancial.biz,"Wagner Financial Services",http://www.wagnerfinancial.biz,Scottsdale,Arizona,"Financial Advisor"
mike@hendricks-cpa.com,"Michael E Hendricks CPA PLLC",http://www.hendricks-cpa.com,Scottsdale,Arizona,"Tax preparation service"
neillw@ceteranetworks.com,"Neill G Wayne CPA",http://www.gwnwm.com,Scottsdale,Arizona,Accountant
kgiese@mooregiese.com,"Moore & Giese CPAs P.C.",http://www.mooregiese.com,Scottsdale,Arizona,"Chartered accountant"
info@carolrigginsbusinesssolutions.com,"Carol Riggins Business Solutions",http://carolrigginsbusinesssolutions.com,Scottsdale,Arizona,"Tax preparation"
david@davidmallencpa.com,"David M. Allen CPA LLC",http://www.davidmallencpa.com,Scottsdale,Arizona,Accountant
info@lkaccounting.com,"LK Accounting Group LLC.",http://www.lkaccounting.com,Scottsdale,Arizona,Accountant
kmaxim@stifel.com,Stifel,http://www.stifel.com,Scottsdale,Arizona,"Investment service"
eotm@teacherstaxservice.com,"Teachers' Tax Service",http://teacherstaxservice.com,Scottsdale,Arizona,"Tax preparation"
jae@udallgroup.com,"CPA Solutions",http://www.cpasolutions.biz,Scottsdale,Arizona,Accountant
dennis@dennismacy.com,"M Dennis Berg CPA",http://dennismacy.com,Scottsdale,Arizona,Accountant
mike@sauersaccounting.com,"Sauer's Accounting & Tax Service",http://sauersaccounting.com,Tempe,Arizona,Accountant
abick@bickcpa.com,"Bick CPA",http://www.bickcpa.com,Phoenix,Arizona,Accountant
jermaine@southerncpafirm.com,"Jermaine A Southern CPA",http://www.southerncpafirm.com,Phoenix,Arizona,"Chartered accountant"
info@fast-tax.net,"Fast Tax",http://fast-tax.net,"Sierra Vista",Arizona,"Tax preparation service"
info@ohlhauser.com,"Curtis E. Ohlhauser",http://www.ohlhauser.com,Benson,Arizona,"Accounting firm"
joe@eshercpa.com,"Esher CPA PLLC",http://www.eshercpa.com,Tucson,Arizona,"Tax preparation service"
terry@terrycogan.com,"Terry Cogan CPA",http://terrycogan.com,"Green Valley",Arizona,"Tax preparation service"
jill@mkfcpa.net,"Mark A Metzger CPA",http://mkfcpa.net,Tucson,Arizona,Accountant
info@crawfordmancini.com,"Crawford & Mancini PC",http://www.crawfordmancini.com,Tucson,Arizona,Accountant
jim@camberaccounting.com,"Camber Accounting Services",http://www.camberaccounting.com,Tucson,Arizona,Accountant
jeremy@axiomtax.com,"Axiom Tax PC",http://www.axiomtax.com,Tucson,Arizona,Accountant
glenn.alan@gacpapllc.com,"Alan Glenn Cpa Pllc",http://gacpapllc.com,Tucson,Arizona,"Chartered accountant"
ssoli@blackandsoli.com,"Black & Soli PC CPA",http://www.blackandsoli.com,"Green Valley",Arizona,"Chartered accountant"
preckers@aim-ent.com,"Aim Enterprises",http://www.aimenterprisesinc.com,Tempe,Arizona,Accountant
info@prefbillingsolutions.com,"Preferred Billing Solutions",http://prefbillingsolutions.com,Tempe,Arizona,Accountant
info@askwold.com,"Wold Consulting PC",http://www.askwold.com,Phoenix,Arizona,Accountant
mcd@dbcofinancial.com,"DeBenedetti & Co.",http://dbcofinancial.com,Tucson,Arizona,"Chartered accountant"
aharvison@desertrosetax.com,"Desert Rose Tax & Accounting",http://www.desertrosetax.com,Tucson,Arizona,"Tax preparation service"
mike@msalomoncpa.com,"Michael Salomon CPA",http://msalomoncpa.com,Tucson,Arizona,"Chartered accountant"
david@davidclementscpa.com,"David D. Clements CPA P.C.",http://davidclementscpa.com,Tucson,Arizona,"Chartered accountant"
info@kentgroupcpa.com,"The Kent Group",http://www.kentgroupcpa.com,Tucson,Arizona,"Chartered accountant"
kinna@accountingbydesign.net,"Accounting By Design Inc",http://accountingbydesign.net,Tucson,Arizona,Accountant
careers@rtaxes.com,"Roberts Mary T CPA",http://rtaxes.com,Tucson,Arizona,Accountant
info@tucsontaxaccounting.com,"LT Investments & Consulting",http://tucsontaxaccounting.com,Tucson,Arizona,"Chartered accountant"
laura@shafferdanker.com,"Shaffer & Danker CPA’s PC",http://www.frederickshaffercpa.com,Tucson,Arizona,Accountant
cooper@westonjonesaccounting.com,"Jones Weston Accounting Services",http://www.westonjonesaccounting.com,Tucson,Arizona,Accountant
darin@daringuthriecpa.com,"Darin Guthrie CPA PLLC",http://www.daringuthriecpa.com,Tucson,Arizona,"Chartered accountant"
terry@adobetaxservices.com,"Adobe Tax Services",http://adobetaxservices.com,Tucson,Arizona,Accountant
hfortino@fortinocpa.com,"Henry J. Fortino CPA PC",http://fortinocpa.com,Tucson,Arizona,Accountant
michelle@smflores.com,"SMFLORES LLC",http://smflores.com,Tucson,Arizona,"Accounting firm"
claudia@stevensretax.com,"Stevens Realty & Tax Services",http://www.stevensretax.com,Tucson,Arizona,"Tax preparation service"
tammy.wolf@exprealty.com,"Dave Stevens Realty & Tax Services",http://tammywolf.com,Tucson,Arizona,"Tax preparation service"
kim@arizonataxandbusiness.com,"Arizona Tax & Business",http://www.arizonataxandbusiness.com,Tucson,Arizona,"Tax preparation service"
info@quickcpas.com,"Quick & Associates P.C.",http://www.quickcpas.com,Tucson,Arizona,"Chartered accountant"
info@pconradcpa.com,"Phyllis A Conrad CPA LLC",http://www.pconradcpa.com,Tucson,Arizona,"Bookkeeping service"
rick@robinsonaccountancy.com,"robinson accountancy",http://www.robinsonaccountancy.com,Tucson,Arizona,Accountant
info@hubercpapc.com,"Huber CPA PC",http://www.hubercpapc.com,Tucson,Arizona,Accountant
dale@calvertandivester.com,"Calvert & Ivester PLLC",http://www.calvertandivester.com,Tucson,Arizona,Accountant
michael.morris@taxadvisor1040.com,"Financial Guidance Services",http://www.financialguidanceservices.com,Tucson,Arizona,"Tax preparation service"
jessica@johnblakecpa.com,"Blake John H CPA",http://johnblakecpa.com,Tucson,Arizona,"Tax preparation service"
tiffany@crawfordmancini.com,"Mancini CPA PLLC",http://mancinicpa.com,Tucson,Arizona,Accountant
vita@unitedwaytucson.org,"Tucson Finance Department",http://www.tucsonaz.gov,Tucson,Arizona,"City Tax Office"
x3dpauline@pctax.us,"Pc Tax Service",http://www.pctax.us,Tucson,Arizona,"Tax preparation service"
info@tucsontaxteam.com,"Tucson Tax Team",http://www.tucsontaxteam.com,Tucson,Arizona,"Tax preparation"
hosego@cox.net,"Henry Osego Tax Services",http://henryosegotaxservice.com,Tucson,Arizona,"Tax preparation service"
barbara@heiseycpa.com,"Gregory L Heisey CPA",http://www.heiseycpa.com,Tucson,Arizona,Accountant
info@oraclecapital.com,"Jon R Young CPA",http://oraclecapital.com,Tucson,Arizona,"Financial Advisor"
cbardwell@klkcpa.com,"Bret Berry CPA",http://www.klkcpa.com,Tucson,Arizona,"Tax Services"
info@hcaaz.com,"Hca Accounting Consult",http://hcaaz.com,Tucson,Arizona,"Tax preparation service"
doug@styuma.com,"Doug TerHark EA PLLC",http://styuma.com,Yuma,Arizona,"Accounting firm"
kelly.averitt@cpafapc.com,"CPA Financial Advantage PC",http://www.cpafapc.com,Yuma,Arizona,"Tax preparation service"
bbbs@bbbsinc.com,"BBBS Inc",http://www.bbbsinc.com,Yuma,Arizona,Accountant
info@reystaxservice.com,"Reys Tax & Financial Services",http://reystaxservice.com,Yuma,Arizona,"Tax preparation service"
