email,company,website,city,state,profession
adrianfamilydentistry@comcast.net,"Adrian Family Dentistry PLLC",http://www.adriandentistry.com,Adrian,Michigan,"Dental clinic"
ebelingfamilydentistry@comcast.net,"Ebeling Family Dentistry",https://www.ebelingfamilydentistry.com,Adrian,Michigan,Dentist
laserdentist4u@gmail.com,"MidWest Center for Laser Dentistry PLLC",http://laserdentist4u.com,Hudson,Michigan,Dentist
tecumsehdentist@gmail.com,"Tecumseh Family Dental Care",http://www.tecumsehfamilydentalcare.com,Tecumseh,Michigan,Dentist
scottdomandds@gmail.com,"Scott Doman D.D.S.",http://www.scottdomandds.com,Tecumseh,Michigan,Dentist
jativafamilydental@gmail.com,"Jativa Family Dental",http://www.jativadental.com,Clinton,Michigan,Dentist
dohertydental@yahoo.com,"Doherty Family Dentistry",http://dohertydental.com,Tecumseh,Michigan,Dentist
larockdental@gmail.com,"LaRock Dental",http://larockdental.com,Manchester,Michigan,Dentist
villagefamilydental1671@gmail.com,"Village Family Dental",https://www.villagefamilydentalclinton.com,Clinton,Michigan,Dentist
washtenawdental@hotmail.com,"Washtenaw Dental",http://ypsilantidentistmi.com,Ypsilanti,Michigan,Dentist
cfdreferrals@gmail.com,"Chelsea Family Dentistry",https://www.chelseafamilydentistry.com,Chelsea,Michigan,Dentist
judytoothdoctor@gmail.com,"Judy L. Wybenga DDS",http://dentistmtpleasantmi.com,"Mount Pleasant",Michigan,Dentist
info.dockhamdental@gmail.com,"Dockham Dental Care",http://dockhamdentalcare.com,Stanton,Michigan,Dentist
craigdownerdds@gmail.com,"Dr Michael Kruscke",http://www.craigdownerdds.com,"Mount Pleasant",Michigan,Dentist
edmorefamilydentistry@gmail.com,"Edmore Family Dentistry",https://edmorefamilydentistry.com,Edmore,Michigan,Dentist
cfdsmiles123@gmail.com,"Chesaning Family Dental",http://www.chesaningfamilydental.com,Chesaning,Michigan,Dentist
mclarendental@yahoo.com,"Dr. Melissa Marie Janos",http://www.mclarendental.com,Midland,Michigan,"Dental clinic"
imberlyhaledds@gmail.com,"Hale & Hale Family Dentistry",https://www.haleandhaledds.com,Midland,Michigan,Dentist
kjpero2@gmail.com,"Kenneth J Pero DDS",http://www.stjohnsmidentist.com,"Saint Johns",Michigan,Dentist
michelsondds@gmail.com,"Harrow Dental Group",http://www.michelsondds.com,Saginaw,Michigan,Dentist
amgentner@gmail.com,"Amy Gentner",https://www.gentnerfamilydentistry.com,"Saint Johns",Michigan,Dentist
irmenfamilydentistry@gmail.com,"Joseph M Irmen DDS",http://irmenfamilydentistry.weebly.com,Midland,Michigan,Dentist
saukasfamilydentistry@gmail.com,"Robert Saukas DDS",https://www.robertsaukasdds.com,Stanton,Michigan,Dentist
kmkanedds@gmail.com,"Kane DR DDS",http://www.kevinkanedds.com,Midland,Michigan,Dentist
wolfordkarey@gmail.com,"Kimberlee J Karey DDS",http://kimberleejkarey.com,"Ann Arbor",Michigan,Dentist
greashaberdentistry@gmail.com,"Greashaber Dentistry",https://greashaberdentistry.com,"Ann Arbor",Michigan,Dentist
walcottdental@aol.com,"Walcott Dental",https://www.walcottdental.com,"Ann Arbor",Michigan,Dentist
westannarbordentistry@gmail.com,"West Ann Arbor Dentistry",http://westannarbordentistry.com,"Ann Arbor",Michigan,Dentist
mikidsdentist@gmail.com,"Tree Town Pediatric Dentistry",http://www.treetownpd.com,"Ann Arbor",Michigan,"Paediatric Dentist"
kimberlyswegles@gmail.com,"Ann Arbor Family Dental",http://www.myannarbordentist.com,"Ann Arbor",Michigan,Dentist
dr.bonniepatel@gmail.com,"Bonnie P. Patel DDS P.C.",http://www.bonniepateldds.com,"Ann Arbor",Michigan,Dentist
arborfd@gmail.com,"Ann Arbor Family Dentistry",http://annarborfamilydentistry.net,"Ann Arbor",Michigan,Dentist
lihedds@gmail.com,"Dentistry By Design",http://drhedentistry.com,"Ann Arbor",Michigan,"Dental clinic"
jungdds@yahoo.com,"Dr. Soong-Ryong Jung DDS",http://www.annarborimplant.com,"Ann Arbor",Michigan,Dentist
a2libertydental@yahoo.com,"Liberty Dental Plc: Kristin Johnson DDS",https://libertydentalplc.com,"Ann Arbor",Michigan,Dentist
gbloomfield.dds@gmail.com,"Bloomfield Gary DDS",http://www.garybloomfielddds.com,"Ann Arbor",Michigan,Dentist
mi.implant@gmail.com,"Michigan Implants & Periodontics",http://miimplants.com,"Ann Arbor",Michigan,Periodontist
kerryperio@gmail.com,"Kerry Family Dental",http://www.kerryfamilydental.com,"Ann Arbor",Michigan,Dentist
drsandbergdds@gmail.com,"Sandberg Mary Jo DDS",http://sandbergdental.com,"Ann Arbor",Michigan,Dentist
choicesmile@gmail.com,"Choice Dental",http://www.choicesmile.com,"Ann Arbor",Michigan,Dentist
chelseachick15@yahoo.com,"Karen Kerry DDS",http://www.kerryperiodontics.com,"Ann Arbor",Michigan,Dentist
jessekanedds@gmail.com,"Kane Dentistry",http://www.kanedentistry.com,"Ann Arbor",Michigan,Dentist
drcoricrider@yahoo.com,"Cori K Crider DDS",http://www.coricriderdds.com,Ypsilanti,Michigan,Dentists
omsaa@comcast.net,"Oral and Maxillofacial Surgery of Ann Arbor",http://oralsurgeryofannarbor.com,"Ann Arbor",Michigan,"Oral surgeon"
annarborperiodontics@gmail.com,"Ann Arbor Periodontics",http://www.drsorensenperio.com,"Ann Arbor",Michigan,Periodontists
annarbororthodontics@gmail.com,"Ann Arbor Orthodontics",http://a2ortho.com,"Ann Arbor",Michigan,Orthodontist
greatlakesfamilydental.saline@gmail.com,"Great Lakes Family Dental",http://www.kinradds.com,Saline,Michigan,Dentist
hockdds@outlook.com,"Fountain & Hock Family Dentistry",http://www.fountainandhockfamilydentistry.com,Plymouth,Michigan,Dentist
jcdental@gmail.com,"DR. JONG CHOI",https://drjongchoi.com,"Ann Arbor",Michigan,Dentist
arborappointments@gmail.com,"Arbor Dental Associates: Christopher J. Paulson DDS",https://www.arbordentalassociates.com,Novi,Michigan,Dentist
singletondds@gmail.com,"Singleton Michael S DDS",http://www.singletonsmiles.com,Saline,Michigan,Dentist
washtennawdental@hotmail.com,"Washtenaw Dental",http://www.washtenawdental.com,Ypsilanti,Michigan,Dentist
drbullard@comcast.net,"Comprehensive Dentistry",http://comprehensivedentistry.net,Ypsilanti,Michigan,Dentist
sorensenperio@gmail.com,"William Sorensen DDS MS",http://www.drwmpsorensen.com,"Ann Arbor",Michigan,Periodontist
maxandmandydental@yahoo.com,"Maize and Blue Dental",http://maizeandbluedental.com,Ypsilanti,Michigan,Dentist
dextertoothfairy@gmail.com,"Dexter Pediatric Dentistry",https://dexterpediatricdentistry.com,Dexter,Michigan,"Pediatric Dentists"
jdunwell@gmail.com,"Dunwell Dentistry",http://www.dunwelldentistry.com,"Suites C/D",Michigan,Dentist
beacondental08@gmail.com,"Beacon Dental",https://dexterbeacondental.com,Dexter,Michigan,Dentist
kellyannrod@comcast.net,"Total Smiles Dental Group",http://totalsmilesdental.com,Dexter,Michigan,Dentists
comdental@comcast.net,"Proart Dental Studio",http://communitydentalofwalledlake.com,"Ann Arbor",Michigan,Dentist
novidentists@gmail.com,"Novi Dentists",https://www.novidentists.com,Novi,Michigan,Dentists
drmarniegrant@gmail.com,"Marnie Grant DDS",https://www.drmarniegrant.com,Ypsilanti,Michigan,Dentists
salineorthodontics@gmail.com,"Saline Orthodontics",http://www.salinesmiles.com,Saline,Michigan,Orthodontists
bcfd.juliebond@gmail.com,"Battle Creek Family Dentistry",https://www.battlecreekfamilydentistry.com,"Battle Creek",Michigan,Dentist
lakeviewdentalbc@gmail.com,"Lambros C Chilimigras DDS",http://www.lakeviewdc.com,"Battle Creek",Michigan,"Cosmetic dentist"
randmckinleydds@gmail.com,"Dr. Rand E. Mckinley DDS",http://www.mckinleydentistry.com,"Battle Creek",Michigan,Dentist
rebecca.sommer@comcast.net,"Rebecca C. Sommer DDS. P.C.",http://www.rebeccasommerdds.com,"Battle Creek",Michigan,Dentist
millerfamilydentalbc@gmail.com,"Miller Family Dental",http://millerfamilydentalbc.com,"Battle Creek",Michigan,Dentist
naturallyyoudentist@gmail.com,"Dr. Javana Rae Cosner DDS PLLC",http://www.naturallyyoudentist.com,"Battle Creek",Michigan,Dentist
krparker329@gmail.com,"Right Choice Dental",https://right-choice-dental-pc.business.site,"Battle Creek",Michigan,Dentist
roberthughesdentistry@gmail.com,"Hughes Robert DDS",http://www.roberthughesdentistry.com,"Battle Creek",Michigan,Dentist
houghtalingdds@gmail.com,"Houghtaling Dental",https://www.battlecreekdentist.com,Springfield,Michigan,Dentist
galesburgdc@gmail.com,"Galesburg Dental Care: Dr. Shadi Khillah",http://www.galesburgdc.com,Galesburg,Michigan,Dentist
bcoralsurg@gmail.com,"Battle Creek Oral and Maxillofacial Surgery",http://www.battlecreekoralsurgery.com,"Battle Creek",Michigan,"Oral surgeon"
hastingsfamilydental@gmail.com,"Hastings Family Dental Care",http://hastingsfamilydental.com,Hastings,Michigan,Dentist
amariisbeauty0@gmail.com,"Warren Judy w DDS",https://amariisbeauty.bigcartel.com,Albion,Michigan,Dentist
rightchoicedental19@gmail.com,"Right Choice Dental",http://www.rightchoicedentalbattlecreek.com,"Battle Creek",Michigan,Dentist
michaeldwetters@yahoo.com,"Wetters Michael D DDS PC",http://www.drwetters.com,Athens,Michigan,Dentist
office.bcurtisnealdds@gmail.com,"Neal Family Dentistry.",https://www.nealdentistry.com,Kalamazoo,Michigan,Dentist
nashvilledentistrymi@gmail.com,"Nashville Family Dentistry",http://www.nashvillefamilydental.com,Nashville,Michigan,Dentist
tm489@aol.com,"Richardson Family Dentistry",http://www.smilekalamazoo.com,Kalamazoo,Michigan,Dentist
westnedgefamilydentistry@gmail.com,"Westnedge Family Dentistry",http://www.westnedgefamilydentistry.com,Kalamazoo,Michigan,Dentist
krausefamilydentistry@gmail.com,"Family Dentistry",http://www.familydentistryportage.com,Portage,Michigan,Dentist
drrldornbos@aol.com,"Robert L. Dornbos DDS",http://dornbosfamilydentistry.com,Vicksburg,Michigan,"General Dentist"
vicksburgfamilydentistry@gmail.com,"Vicksburg Family Dentistry",https://vicksburgfamilydentistry.com,Vicksburg,Michigan,"Dental clinic"
kolpakov@hotmail.com,"Auville Krause DDS",http://www.denturecareclinic.com,Portage,Michigan,Dentist
kellymotson@hotmail.com,"Paul R Maston DDS",http://www.portagefamilydental.com,Portage,Michigan,"Oral Surgeons"
millerpediatricdds@gmail.com,"Bay City Dental",http://www.patientconnect365.com,"Bay City",Michigan,"Dental clinic"
midmichiganperio@gmail.com,"Mid-Michigan Periodontics & Dental Implants John Picard DMD MS",http://www.midmichiganperio.com,"Bay City",Michigan,"Dental implants periodontist"
paulkernstock@gmail.com,"Thomas A. Kernstock DDS PC",http://www.drkernstock.com,"Bay City",Michigan,Dentist
matthewrwarddds@gmail.com,"Bay City Dental Center",https://baycitydentalcenter.com,"Bay City",Michigan,"Cosmetic dentist"
baycitybraces@gmail.com,BayCityBraces,https://baycitybraces.com,"Bay City",Michigan,Orthodontist
meylanfamilydental@gmail.com,"Family Dental Center - Dr. Gina Meylan",http://www.meylanfamilydental.com,Saginaw,Michigan,Dentist
grovedentalrc@yahoo.com,"Dr. Robert W. Cady DDS",http://www.robertwcadydds.net,Saginaw,Michigan,Dentist
allenthegentle1@aol.com,"Dentist Saginaw Dr. Paul W. Allen",https://dentistsaginawmi.com,Saginaw,Michigan,Dentist
smilemidland@yahoo.com,"Boss & Rorvik Family Dental",https://midmidentist.com,Midland,Michigan,Dentist
paul.schmidt.dentistry@gmail.com,"Paul M Schmidt DDS",http://saginawsedationdentistry.com,Saginaw,Michigan,"General Dentistry"
sabourindds@gmail.com,"Just A Smile Away Dental - Sabourin & Hayden DDS",https://justasmileaway.com,Saginaw,Michigan,"Dental clinic"
eyecare818@yahoo.com,"Peter B Morley Jr DDS",http://www.auburneyes.com,Auburn,Michigan,"Oral Surgeons"
felsing.smithdds@gmail.com,"Smith Family Dentistry",http://www.felsingsmithdds.com,Saginaw,Michigan,Dentist
saginawdentalexcellence@gmail.com,"Saginaw Dental Excellence",https://www.saginawdentalexcellence.com,Saginaw,Michigan,Dentist
passoltfd@outlook.com,"Passolt Street Family Dental",https://passoltstreetfamilydental.com,Saginaw,Michigan,Dentist
nmpaxson@yahoo.com,"Nicole Paxson DDS",https://paxsondental.com,Saginaw,Michigan,"Dental clinic"
jmertz4587@aol.com,"Mertz Dentistry",https://www.mertzdentistry.com,Saginaw,Michigan,Dentist
midentalhealth@gmail.com,"Kathleen L Klonowski DDS & Ashly Bailey DDS",http://www.midentalhealth.com,Saginaw,Michigan,Dentists
kaisteeleddsfo@gmail.com,"Kai Steele Dentistry",http://steelesmiles.com,"St Joseph",Michigan,Dentist
dental49085@yahoo.com,"Dr. Anderson Mary DDS",http://www.maryandersondds.com,"St Joseph",Michigan,Dentist
drdavidsmillerdds@gmail.com,"Dr. David S. Miller DDS",https://www.stjosephmidentist.com,"St Joseph",Michigan,Dentist
harbordental90631@gmail.com,"Harbor Dental",http://harbordentalmn.com,"Benton Harbor",Michigan,"Dental clinic"
pawpawfamilydentistry@gmail.com,"Paw Paw Family Dentistry",http://pawpawfamilydentistry.com,"Paw Paw",Michigan,"Dental clinic"
dr.richard.beckermeyer@gmail.com,"Dr. Andrea R Beckford",http://drbeckermeyer.com,Niles,Michigan,Dentist
sueparisidds@gmail.com,"Cranbrook Family Dentistry",http://www.sueparisidds.com,"Bloomfield Hills",Michigan,Dentist
implantmi@gmail.com,"Michigan Dental Specialists",https://www.perioimplantmi.com,"Bloomfield Hills",Michigan,"Dental implants periodontist"
rdrousseauddspc@yahoo.com,"Rousseau Robert DDS",http://www.robertdrousseauddspc.com,"Bloomfield Hills",Michigan,Dentist
mwolowiec@aol.com,"Farmbrook Dental Group",http://www.farmbrookdentalgroup.com,"Bloomfield Hills",Michigan,Dentist
gantzdental@gmail.com,"Premier Dental Group",https://www.gantzdental.com,"Bloomfield Hills",Michigan,Dentist
familydentistryofnovi@gmail.com,"Bloomfield Dental Center",http://www.bdcsmile.com,"Bloomfield Hills",Michigan,Dentist
skoglund.dds@gmail.com,"Dr. Paul W. Skoglund DDS",https://skoglunddds.wixsite.com,"Bloomfield Twp",Michigan,Dentist
rmcannally@aol.com,"A Kuhta Maureen DMD",http://www.michigansmiledesign.com,"Bloomfield Hills",Michigan,Orthodontist
smilefreshah@gmail.com,"Smile Fresh Dental",https://www.smilefreshdentalauburnhills.com,"Auburn Hills",Michigan,Dentist
pinskyfolbe@gmail.com,"Dr. Barry S. Pinsky DDS",http://www.pinskyfolbedds.com,Warren,Michigan,Dentist
ssharvil@gmail.com,"DR. SHARVIL SHAH",http://pinholedentistplymouthmi.com,"Bloomfield Hills",Michigan,Dentist
neworcharddentistry@gmail.com,"New Orchard Dentistry",http://www.neworcharddentistry.com,"West Bloomfield Township",Michigan,Dentist
elitedentalcaredds@gmail.com,"Elite Dental Care",http://www.elitedentalcaredds.com,"West Bloomfield Township",Michigan,Dentist
lakeviewdentalmi@gmail.com,"LakeView Family Dental",https://www.lakeviewdentist.com,"West Bloomfield Township",Michigan,Dentist
ohammoud12@gmail.com,"Hammoud Family Dental",https://www.hammoudfamilydental.com,"West Bloomfield Township",Michigan,Dentist
smilecenterwb@gmail.com,"Smile Centers Dental",http://smilecenterswb.com,"West Bloomfield Township",Michigan,Dentist
milandds@gmail.com,"Birmingham Center for Cosmetic Dentistry: Mitchell S. Milan D.D.S.",https://mismile.com,Birmingham,Michigan,Dentist
dentistrybydery@comcast.net,"Dentistry By Dery",https://www.dentistrybydery.com,"Bingham Farms",Michigan,Dentist
drwienspriebe@gmail.com,Prosthodontics,http://www.pic-mi.com,"West Bloomfield Township",Michigan,Dentist
allsmiles751@gmail.com,"All Smiles - Daniel D Mashni DDS",http://www.smilesbydrmashni.com,Birmingham,Michigan,Dentists
myroyaldentalcenter@gmail.com,"Royal Dental Center",https://www.royaldentalcenterllc.com,"West Bloomfield Township",Michigan,"Dental clinic"
binghamfarmsdentist@gmail.com,"Bingham Farms Family Dentistry",http://www.binghamfarmsdentist.com,"Bingham Farms",Michigan,Dentist
drdebi@yahoo.com,"The Hills Dental Associates",http://www.hillsdental.com,"Rochester Hills",Michigan,Dentist
noblecaredental@yahoo.com,"Noble Care Dental | Raya Flayeh DDS",https://www.noblecaredental.com,"Rochester Hills",Michigan,Dentist
branhamdentistry@gmail.com,"Jerome R Branham DDS",http://www.branhamdentistry.com,Birmingham,Michigan,Dentist
lopatindental@gmail.com,"Lopatin Dental",https://lopatindental.com,Troy,Michigan,Dentist
squarelake92@gmail.com,"Square Lake Family Dentistry",https://www.squarelakefamilydentistry.com,Troy,Michigan,"General Dentistry"
hunterhoseastachel@gmail.com,"Cosmetic & Family Dental",http://www.cosmeticandfamilydental.com,Clawson,Michigan,Dentist
topoftroydental@comcast.net,"Top of Troy Dental",http://troydentalstudio.com,Troy,Michigan,Dentists
krystalgojcaj@gmail.com,"Farmington Hills Dental",http://fhdentistry.com,"Farmington Hills",Michigan,Dentist
meadowbrookdental@gmail.com,"Meadowbrook Dental",https://meadowbrookdental.com,"Auburn Hills",Michigan,Dentist
generationsdds@gmail.com,"Generations Family Dental Care",http://www.generationsfamilydentalcare.com,Southfield,Michigan,"Dental clinic"
restorationdent@gmail.com,"Restoration Dental",https://www.restorationdent.com,"Huntington Woods",Michigan,"Cosmetic Dentist"
emeraldlakedental@gmail.com,"Emerald Lake Dental",http://www.emeraldlakedental.com,Troy,Michigan,Dentist
2759waterford@gmail.com,"Waterford Family Dental Care",https://waterfordfamilydentalcare.com,Waterford,Michigan,"Dental clinic"
hartrickdentistry@comcast.net,"Nancy E Hartrick DDS",http://hartrickdentistry.com,"Royal Oak",Michigan,Dentists
channodds1@gmail.com,"Channo DDS",http://www.channodds.com,Rochester,Michigan,Dentists
brilliantsmilesdentist@gmail.com,"Brilliant Smiles Family Dentistry",http://www.brilliantsmilescadillac.com,Cadillac,Michigan,Dentist
brightdentalhealth4u@gmail.com,"Bright Dental Health",http://brightdentalhealth.net,Cadillac,Michigan,Dentist
masonperiodontics@gmail.com,"Mason Periodontics and Dental Implants PC",http://www.masonperiodontics.com,Cadillac,Michigan,Periodontist
lakecitytoothfairy@gmail.com,"Lake City Family Dentistry-Mitch Carpenter-Thompson",http://lakecitymidentist.com,"Lake City",Michigan,Dentist
smilesbyswelstad@gmail.com,"Jason DDS Swelstad MS",http://www.smilesbyswelstad.com,Cadillac,Michigan,"Dental clinic"
evartdental@gmail.com,"Evart Dentistry",http://dentistevartmi.com,Evart,Michigan,Dentist
dhc955@hotmail.com,"Reed City Dental Health Care Associates",http://mydentalhealthcare.com,"Reed City",Michigan,"General Dentistry"
bergsmaorthodontics@gmail.com,"Sara S Bergsma DDS MS PC",http://www.bergsmaorthodontics.com,"Traverse City",Michigan,Orthodontist
grandviewdental@aol.com,"Grandview Dental Care",https://grandviewdentaltc.com,"Traverse City",Michigan,Dentist
drtracydds@yahoo.com,"Dr. Tracy Ruegsegger DDS",http://drtracydds.com,"Traverse City",Michigan,Dentist
stansmyka@yahoo.com,"Stanley Smyka DDS",https://www.stanleysmykadds.com,"Traverse City",Michigan,Dentist
drppiche@gmail.com,"Piche & Piche",http://traversecitydds.com,"Traverse City",Michigan,Dentist
tseesenfd@gmail.com,"Dr. Brian R. Kwapisz DDS",http://www.northernfamilydental.com,Charlevoix,Michigan,Dentist
parkviewdentalbc@yahoo.com,"Park View Family Dentistry",http://www.boynecitydentalcare.com,"Boyne City",Michigan,Dentist
petoskeydental@gmail.com,"Petoskey Dental Associates",http://www.petoskeydental.com,Petoskey,Michigan,"Dental clinic"
mikefleming99@hotmail.com,"Boyne City Dental",http://www.boynedentistry.com,"Boyne City",Michigan,"Dental clinic"
jameshanchett4@gmail.com,"James Hanchett D.D.S.",http://cheboygandentist.com,Cheboygan,Michigan,Dentist
oakwoodfamilydentists190@gmail.com,"Oakwood Family Dentists",http://www.oakwoodfamilydentists.com,Dearborn,Michigan,Dentist
modernamericandental@gmail.com,"Modern American Dental Clinic",http://modernamericandental.com,Dearborn,Michigan,Dentist
nyedentaloftaylor@gmail.com,"NYE Dental - Dearborn",http://www.nyedental.com,Dearborn,Michigan,Dentist
krishnadas@gmail.com,"Lakewood Dental Group",http://www.lakewooddentalsmile.com,Dearborn,Michigan,"Dental clinic"
dearborndentaldds@gmail.com,"Dearborn Dental Group",http://dearborndentalpc.com,Dearborn,Michigan,Dentist
dearborndental1@hotmail.com,"Dearborn West Dental",http://www.dearbornwestdental.com,Dearborn,Michigan,Dentist
mmahajeridds@hotmail.com,"Mahine Mahajeri DDS MS",http://www.dearbornfamilydentist.com,Dearborn,Michigan,Dentist
sjgusfa@gmail.com,"Gusfa Dental Clinic",http://www.gusfadentalclinic.com,Dearborn,Michigan,"Dental clinic"
royaldentistry2015@gmail.com,"Majestic Dentist Livonia",https://www.ddslivonia.com,Livonia,Michigan,Dentist
lincolnparkdentistry@outlook.com,"Lincoln Park Dentistry",http://www.lpdentistry.com,Dearborn,Michigan,"Cosmetic dentist"
johnsonfamilydentistry1@gmail.com,"Johnson Family Dentistry",https://www.johnsonfamilydentistrymi.com,Dearborn,Michigan,"Dental clinic"
office125@comcast.net,"Dr. Ken Rahamut DDS",http://www.trendsettersdental.com,Dearborn,Michigan,Dentist
alwatsondds@gmail.com,"Watson Alan L DDS",http://www.dentistofdearborn.com,Dearborn,Michigan,Dentist
dr.amal.aoun@gmail.com,"Dr. Amal A. Aoun DDS",http://supremedentalcare.com,"Dearborn Heights",Michigan,Dentist
premierdentalcaredh@gmail.com,"Premier Dental Care",http://www.premierdds.org,"Dearborn Heights",Michigan,Dentist
ismaildental@gmail.com,"Reda Ismail DDS",https://www.melvindalefamilydentistry.com,Melvindale,Michigan,Dentist
drsalamawad@gmail.com,"SmilePro Dental",https://smileprodentist.com,"Dearborn Heights",Michigan,"Cosmetic dentist"
tothballadds@yahoo.com,"Laser and General Dentistry of Michigan",http://www.mytoothimplant.com,Detroit,Michigan,Dentist
campbelldental1@gmail.com,"Campbell Dental",https://campbelldental1.com,Detroit,Michigan,Dentist
taylormadedental@gmail.com,"Taylor Made Dental",http://www.taylormade-dental.com,Taylor,Michigan,Dentist
kids1stdentistry@gmail.com,"Kids First Pediatric Dentistry",https://www.everykidsmilesdental.com,"Lincoln Park",Michigan,"Paediatric Dentist"
saadsmiles@gmail.com,"Saad Smiles Dentistry",https://saadsmiles.com,Livonia,Michigan,Dentist
pesisd@gmail.com,"Pesis Dental Group",https://www.pesisdentalgroup.com,"Farmington Hills",Michigan,Dentist
cellinident@yahoo.com,"Cellini Perry E DDS",https://www.perrycellinidds.com,Dearborn,Michigan,Dentist
pearlyteethdds@gmail.com,"Dr. Richard A. Kirsch and Dr. Olivia M. Czajkowski",http://www.pearlywhitesintheheights.com,"Dearborn Heights",Michigan,Dentist
uniteddental@aol.com,"United Dental Center",http://www.uniteddentalcenterofmichigan.com,Taylor,Michigan,"Cosmetic dentist"
kelbal10@comcast.net,"Ballentine Kelly L DDS",http://www.ballentinedds.com,"Allen Park",Michigan,Dentist
taylorsmiles2019@gmail.com,"Taylor Smiles",https://www.taylorsmiles.com,Taylor,Michigan,Dentist
garyacohen@msn.com,"Gary A Cohen DDS PC",http://garycohendental.com,"Garden City",Michigan,Dentist
dupuisdental@gmail.com,"General Dentist - Taylor",http://www.dupuisdental.com,Taylor,Michigan,"Dental clinic"
nova2020dental@gmail.com,"NOVA DENTAL",http://www.novadentalmichigan.com,Dearborn,Michigan,"Dental clinic"
brightchoiceofficial@gmail.com,"Bright Choice Dental",http://www.brightchoiceclinic.com,Dearborn,Michigan,"Dental clinic"
basharsedki@hotmail.com,"Affordable Family Dentistry",http://sedkidentistry.com,Detroit,Michigan,"General Dentistry"
jblee678@yahoo.com,"Atoui Ramzi DDS PC",http://lakewooddental.com,Detroit,Michigan,Dentist
herellisondds@gmail.com,"Galayda & Shackleford DDS PC",http://www.lincolnparkdentalclinic.com,"Lincoln Park",Michigan,Dentist
detroitdentalspecialtycenter@gmail.com,"Advanced Dental Specialty Clinic",http://detroitdentalspecialtycenter.com,Detroit,Michigan,"Dental clinic"
leedds01@yahoo.com,"Lee Family Dental",https://www.famileedental.com,Taylor,Michigan,"General Dentistry"
livingstonfamilydental@gmail.com,"Livingston Family Dentistry and Dental Implants",https://livingstondentistry.com,"Highland Park",Michigan,Dentist
midigitalsolution@gmail.com,"Smile Sensations-Allen Park",https://myallenparkdentist.com,"Allen Park",Michigan,Dentist
cgdentalcenter@gmail.com,"Livernois Dental Care",http://conantgardensdental.com,Detroit,Michigan,"Dental clinic"
southgatefamilydental@gmail.com,"Southgate Family Dental",http://www.southgatefamilydental.net,Southgate,Michigan,Dentist
fullergeneraldentistry@gmail.com,"Fuller General Dentistry",http://www.fullergeneraldentistry.com,Detroit,Michigan,Dentist
khalifexrays@gmail.com,"DK Dental & Dentures",http://dkdentalonline.com,Ferndale,Michigan,"General Dentistry"
detroitcaringdentistry@gmail.com,"Detroit Caring Dentistry directed by Dr. David J. Hill DDS",http://www.detroitcaringdentistry.com,Detroit,Michigan,Dentists
grfamilydentistry@comcast.net,"Grand River Family Dentistry",https://www.grfamilydentistry.com,"Suite 111",Michigan,Dentists
jenniegolani@gmail.com,"Golani Dental Center",https://golanidc.com,Inkster,Michigan,Dentist
gmitrogo@gmail.com,"Dental Implant",https://mdica.com,Detroit,Michigan,"Cosmetic dentist"
robertmillerddsms1@hotmail.com,"Robert DR Miller DDS",https://www.southshoreoralsurgery.net,Dearborn,Michigan,"General Dentistry"
kabodontics@aol.com,"G Michael Kabot DDS MS",http://www.kabodontics.com,Dearborn,Michigan,"Oral Surgeons"
dentalsmilesoflivonia@gmail.com,"Greniuk Wioncek",http://www.dentalsmilesoflivonia.com,Livonia,Michigan,Dentist
drlanzetta@comcast.net,"Michael L Lanzetta DDS",http://www.calldrmike.com,Taylor,Michigan,Dentists
jillburklfd@gmail.com,"Livonia Family Dental",http://www.drglivoniadental.com,Livonia,Michigan,Dentists
livoniadds@aol.com,"Livonia Dental Care",http://www.livoniadentalcare.com,Livonia,Michigan,Dentists
glfdglivonia@hotmail.com,"Great Lakes Family Dental Group",http://www.greatlakesgreatsmiles.com,Livonia,Michigan,Dentists
steinbergdr@comcast.net,"John M Steinberg DDS",http://www.johnsteinbergdds.com,"Saint Clair Shores",Michigan,Dentists
fischerfamilydentistry1@gmail.com,"Daniel C Fischer DDS",http://www.gardencitydentist.com,"Garden City",Michigan,Dentists
dlipnik@aol.com,"Daniel H Lipnik DDS - ��Family and Cosmetic Dentistry",http://www.smilelivonia.com,Livonia,Michigan,Dentists
tweigel149451mi@comcast.net,"Thomas Weigel DDS",http://www.hazelparkdentist.com,"Hazel Park",Michigan,Dentists
ultimatesmilesmi@gmail.com,"Ultimate Smiles",http://www.ultimatesmilesmi.com,Southfield,Michigan,Dentists
mydetroitdentist1@gmail.com,"Harden Family Dentistry",http://www.mydetroitdentist.com,Detroit,Michigan,"General Dentistry"
kjm11996@gmail.com,"Mydlowski Kenneth J DDS PC",http://kennethmydlowskidds.com,Livonia,Michigan,"General Dentistry"
northlinedental@gmail.com,"Northline Dental",https://www.northlinedental.com,Southgate,Michigan,Dentists
dpaulisin@aol.com,"Paulisin David A DDS PC",http://www.flossme.com,Livonia,Michigan,"General Dentistry"
caringdentistrypc@hotmail.com,"Caring Dentistry",http://www.caringdentistryhp.com,"Hazel Park",Michigan,Dentists
pearldentalpc@yahoo.com,"Pearl Dental PC: Chetana Karanth DDS",http://www.pearldentalpc.com,Farmington,Michigan,Dentists
superteethdental@gmail.com,Superteeth,http://www.superteeth.com,Warren,Michigan,Dentists
freemansdentistry0143@gmail.com,"Freemans Family Dentistry DDS PC",https://www.freemansfamilydentistrydds.com,Southfield,Michigan,Dentists
drdonigan@comcast.net,"Bruce Donigan DDS",http://www.drdonigan.com,Detroit,Michigan,"General Dentistry"
drdianemclellan@gmail.com,"McLellan Diane DDS",http://www.drdianemclellan.com,Taylor,Michigan,"Oral Surgeons"
pazintys.org@gmail.com,"Barauskas Algis V DDS",http://skelbimai.us,Detroit,Michigan,"Oral Surgeons"
westgranddental@gmail.com,"West Grand Dental",http://www.westgranddentalpllc.com,Detroit,Michigan,Dentist
maidsinaminute@gmail.com,"Downtown Detroit Dental",http://www.maidsinaminute.com,Detroit,Michigan,Dentist
mfairclothdds@gmail.com,"Dr. Gerald E. Stefan",http://www.harbortowndentalcare.net,Detroit,Michigan,Dentist
info23diamondsmiles@gmail.com,"Diamond Smiles Dentistry",https://www.diamondsmilesdentistry.com,Detroit,Michigan,Dentist
campbelldentalnp@gmail.com,"Detroit Mini Dental Implants ��� Dr. G. Ghannam",http://minidentalimplantsdetroit.com,Detroit,Michigan,"Dental implants periodontist"
livernoisdental@gmail.com,"Livernois Dental Care",https://livernoisdentalcare.com,Detroit,Michigan,Dentist
kapdental@gmail.com,"Detroit Sterling Dental",https://detroit.myteethdoctor.com,Detroit,Michigan,"Dental clinic"
pngsgr@aol.com,"Macomb's Grosse Pointe Family Dentistry",https://mymacombdentist.com,Macomb,Michigan,"Dental clinic"
adentalclinique@gmail.com,"Aesthetic Dental Clinique",http://www.adentalclinique.com,Detroit,Michigan,Dentist
laonedaydentures@gmail.com,"A One Day Dentures Implants & Family Dentistry",http://www.aonedentures.com,"Redford Charter Twp",Michigan,Dentist
lfinnw@aol.com,"Lawrence Finn DDS PC",http://dr-finn.com,Warren,Michigan,Dentist
omfdental@gmail.com,"Orchard Maple Family Dental",http://www.omfdental.com,"West Bloomfield Township",Michigan,Dentist
dental1one@comcast.net,"Dental 1",http://dental1online.com,"Waterford Twp",Michigan,Dentist
edwardstreetdental@gmail.com,"Edward Street Dental",http://www.edwardstreetdental.com,"Madison Heights",Michigan,"Dental clinic"
marcuzdds@gmail.com,"Paul E. Marcuz DDS PC",http://www.paulmarcuzdds.com,Roseville,Michigan,Dentist
firebergdental11@comcast.net,"Fireberg Family Dental",http://www.firebergdds.com,Flint,Michigan,Dentist
drerikfeinauer@gmail.com,"Ramos Michael J & Associates",http://www.drfeinauer.com,"Clinton Township",Michigan,"General Dentistry"
stephenharlowdds@gmail.com,"Ferndale Dental",https://www.familydentistryferndale.com,Ferndale,Michigan,Dentist
southfielddentistrymi@gmail.com,"Southfield Dentistry",http://www.southfielddentistrymi.com,Southfield,Michigan,"Dental clinic"
northoaksdental@gmail.com,"North Oaks Dental & Orthodontics",http://northoaksdental.com,"Royal Oak",Michigan,"Cosmetic dentist"
fortefamilydentistry@gmail.com,"Forte Family Dentistry-Dr. Julie M. Forte",http://www.fortefamilydentistry.com,Berkley,Michigan,"Dental clinic"
moderndentistryro@gmail.com,"Modern Dentistry Of Royal Oak",http://www.drvdk.com,"Royal Oak",Michigan,Dentist
vdimovichdds@gmail.com,"Velko Dimovich D.D.S.",http://www.dimovichdental.com,"Sterling Heights",Michigan,Dentist
markssmithdds@gmail.com,"Centerline Family Dental",https://centerline-family-dental.business.site,"Center Line",Michigan,"Dental clinic"
smilesandmooredds@gmail.com,"Terrance H. Moore DDS",http://smilesandmooredental.com,"Royal Oak",Michigan,"Dental clinic"
faircourtdental@aol.com,"Faircourt Dental Smile Studio",http://faircourtdental.com,"Grosse Pointe Woods",Michigan,"Cosmetic dentist"
sassackdentistry@gmail.com,"Riverview Dental Center",http://rvwdentalcenter.com,Riverview,Michigan,"Dental clinic"
warrenlaserdentistry@gmail.com,"Warren Laser Dentistry",https://www.warrenlaserdentistry.com,Warren,Michigan,Dentist
intrinsicfamilydental@gmail.com,"Intrinsic Family Dental in Huntington Woods",https://www.intrinsicfamilydental.com,"Huntington Woods",Michigan,Dentist
parksidedental0@gmail.com,"Parkside Dental Team",http://www.parksidedentalteam.com,Westland,Michigan,Dentists
ped24840@yahoo.com,"Patient Empowered Dentistry",http://yournew.dentist,Eastpointe,Michigan,Dentist
wergumz@gmail.com,"Oakman Family Dentistry",http://www.ident.ws,Dearborn,Michigan,"Dental implants periodontist"
professionalperiodontics@gmail.com,"Professional Periodontics and Implant Services",http://professionalperiodontics.com,"Grosse Pointe",Michigan,"Dental implants periodontist"
lkovalchick@comcast.net,"Lois Kovalchick DDS - Grosse Pointe Signature Smiles",https://www.gpsmiles.com,"Grosse PT Woods",Michigan,Dentists
clairpointe@hotmail.com,"Clairpointe Family Dental",http://www.clairpointefamilydental.com,"Saint Clair Shores",Michigan,Dentists
johnleverenzdds@live.com,"John R Leverenz DDS",http://www.leverenzdental.com,"Saint Clair Shores",Michigan,Dentists
cdyki2000@yahoo.com,"Patient Empowered Dentistry",http://www.patientempowereddentistry.com,Eastpointe,Michigan,"General Dentistry"
mjsteingold@hotmail.com,"Marc Steingold DDS",http://www.familydentistryeastpointe.com,Eastpointe,Michigan,Dentists
dr.mariayourdentist@gmail.com,"Maria Baltarowich DDS",http://www.drmariabaltarowich.com,Warren,Michigan,Dentists
robyndds@gmail.com,"Robyn L Mullinger DDS",http://robynmullingerdds.com,"St. Clair Shores",Michigan,Dentists
kavelickdds@gmail.com,"Livonia Smiles Dental Center",https://drramiessak.com,Livonia,Michigan,Dentist
youchildsdds@gmail.com,"Dr. Jacob Myers DDS PLLC",http://www.yourchildsdds.com,"East Lansing",Michigan,"Paediatric Dentist"
behnkedds@yahoo.com,"Sherill L. Behnke DDS",https://www.behnkedds.com,"East Lansing",Michigan,Dentist
jamie48872@yahoo.com,"Mid-Michigan Oral Surgery",http://www.midmichiganoralsurgery.com,"East Lansing",Michigan,Dentist
jamodentistry@gmail.com,"Benjamin S. Jamo D.D.S.",http://www.jamodentistry.com,"East Lansing",Michigan,Dentist
drderksen@gmail.com,"Daniel J Derksen DDS",http://www.drderksen.com,Lansing,Michigan,Dentists
bde1dds@comcast.net,"One Day Denture Service",http://www.smilesoflansing.com,Lansing,Michigan,Dentist
oakhill_dental@comcast.net,"Oak Hill Dental Associates: Dentist: Dr. Daniel Zick D.D.S.",http://www.oakhilldental.net,Lansing,Michigan,Dentist
eacidgl@aol.com,"Implant Dentistry Of Greater Lansing",https://www.implantdentistrylansing.com,Lansing,Michigan,Dentist
schaeferdentalgrouplansing@gmail.com,"Schaefer Dental Group Okemos",http://schaeferdentalgroup.com,Okemos,Michigan,Dentist
gbryadds@comcast.net,"Gregory S. Brya DDS",http://www.drbrya.com,Okemos,Michigan,Dentist
drdionise@comcast.net,"Dionise Michael J DDS",http://www.michaeldionise.com,Lansing,Michigan,Dentist
okemosfamilydentistry@yahoo.com,"Okemos Family Dentistry",https://okemosfamilydentistry.com,Okemos,Michigan,Dentist
portnoyandtuddspc@yahoo.com,"Okemos Dentists",https://www.okemosdentists.com,Okemos,Michigan,Dentist
okpdentistry@yahoo.com,"Okemos Pediatric Dentistry PC",http://www.okemospediatricdentistry.com,Okemos,Michigan,"Dental clinic"
okemossmile@gmail.com,"Okemos Smile Center",https://okemossmilecenter.com,Okemos,Michigan,Dentist
convenientfamilydental@gmail.com,"Convenient Family Dental",http://convenientfamilydental.com,Okemos,Michigan,Dentist
morpeddent@yahoo.com,"Morrow Melissa A DDS",http://www.morrowpediatricdentistry.com,Haslett,Michigan,Dentist
gradyddspc@gmail.com,"Gregory H Grady DDS",http://www.okemoscosmeticdentist.com,Okemos,Michigan,Dentists
valleydentist@aol.com,"DR. JASON BAKER",http://valleydentalspa.com,Okemos,Michigan,Dentist
rashiddmd1989@gmail.com,"Paul L. Rashid DMD",https://rashiddental.com,Lansing,Michigan,Dentist
markjohnstondds@gmail.com,"Johnston Mark M DDS",https://www.mmjdds.com,Lansing,Michigan,Dentist
juliegud@comcast.net,"Julia M Gudmundsen DDS",http://www.juliagudmundsendds.com,Lansing,Michigan,Dentist
flynndds@hotmail.com,"Oral Surgery & Implant Center",https://www.flynndds.com,Lansing,Michigan,"Oral surgeon"
alexavitek@hotmail.com,"Vitek Family Dentistry",https://www.vitekfamilydentistry.com,Dewitt,Michigan,Dentist
cfd4469@aol.com,"AMITKUMAR HANDA",http://www.columbiavillefamilydentistry.com,Lansing,Michigan,Dentist
dewittdental@hotmail.com,"DeWitt Dental Associates",http://www.dewittdental.com,Dewitt,Michigan,Dentist
blairfamilydentistry@gmail.com,"Blair Family Dentistry",http://blairsmiles.com,Holt,Michigan,"Dental clinic"
nasifdental@gmail.com,"Dr. Michael T. Nykamp DDS Family & Cosmetic Dentistry",http://www.nykampdental.com,Lansing,Michigan,Dentist
gordyberry2@gmail.com,"Osowa Bernadette DDS",https://jmjent.ueniweb.com,Eastpointe,Michigan,Dentist
robertmasiddspc@comcast.net,"Robert Masi DDS PC",http://www.masidental.com,"Saint Clair Shores",Michigan,"Cosmetic dentist"
smile_dr@hotmail.com,"Malouf Family Dentistry",http://www.dentiststclairshores.com,"Saint Clair Shores",Michigan,"General Dentistry"
arpitmody@comcast.net,"Ryan Dental Group",http://www.ryandentalgroup.com,Warren,Michigan,Dentist
warrendentistry48088@gmail.com,"Warren Dentistry",https://www.warren-dentistry.com,Warren,Michigan,Dentist
myperfectsmiledental@gmail.com,"Perfect Smile Dental",https://drrajursdmd.com,"Saint Clair Shores",Michigan,Dentist
drtoliasdds@gmail.com,"G. Dino Tolias DDS & Associates",http://saintclairshoresdentist.com,"Saint Clair Shores",Michigan,Dentist
colon.joe@gmail.com,"Drs Colon & Riley",http://stclairshores-roseville-dentist.com,Roseville,Michigan,Dentist
gjfedon23@gmail.com,"Gerald J Fedon DDS",https://www.fedondental.com,"Harper Woods",Michigan,Dentist
bezzodental@yahoo.com,"Bezzo Dental",https://www.bezzodental.com,Wyandotte,Michigan,Dentist
dr.callise@gmail.com,"Eleni Callis DDS",http://modernfamilydentistrymi.com,"Flat Rock",Michigan,"General Dentistry"
gndental3814@gmail.com,"Great Northern Dental Associates",https://www.greatnortherndentalassociates.com,Escanaba,Michigan,Dentist
puhazie1896@yahoo.com,"Perry C. Uhazie DDS",https://www.uhaziefamilydentistry.com,Escanaba,Michigan,"Cosmetic dentist"
infojacobsdental@gmail.com,"Jacobs Smile Center",http://www.jacobssmilecenter.com,Escanaba,Michigan,Dentist
saighdental@gmail.com,"Superior Family Dental",https://www.superiorfamilydentalup.com,Kingsford,Michigan,Dentist
apolzin30@hotmail.com,"Tammy Koutnik",https://polzindentistry.com,Menominee,Michigan,Dentist
flint.dentistry@gmail.com,"Flint Family Dentistry",https://www.flintfamilydentistrycares.com,Flint,Michigan,"Dental clinic"
austinandreid@hotmail.com,"Austin & Reid Dental Care",http://www.austinandreid.com,Flint,Michigan,Dentist
drbelforddental@gmail.com,"Belford Tom D DDS",http://drbelfordgentledental.com,Flint,Michigan,Dentist
midmichigandental@yahoo.com,"Mid-Michigan Dental Group",http://www.midmichigandentalgroup.com,Flint,Michigan,"Teeth whitening service"
heritagecomfortdentalflint@gmail.com,"Heritage Comfort Dental: Jane Ney DDS",https://www.heritagecomfortdental.com,Flint,Michigan,Dentist
lmpdds@gmail.com,"Park Dental Wellness",http://www.parksmiles.com,Burton,Michigan,Dentist
milansatadds@gmail.com,"Grand Blanc Dental Center: Milan Sata DDS",https://www.grandblancdentalcenter.com,Flint,Michigan,Dentist
perioperez@comcast.net,"Perez Luis a DDS",http://www.perioperez.com,Flint,Michigan,Dentist
perales878@comcast.net,"Great Lakes Metal Works",http://www.greatlakesmetalarts.com,Flint,Michigan,Dentist
larry.grzegorzewski@gmail.com,"Great Lakes Family Dentistry",http://www.greatlakesfamilydentistry.com,Burton,Michigan,Dentist
golden6061@gmail.com,"Deluxe Dental Mount Morris",http://www.drgoldendental.com,"Mt Morris",Michigan,Dentist
ralphburgess12@outlook.com,"Burgess Ralph Wm. DDS",https://www.ralphburgessdds.com,Flint,Michigan,Dentist
gbcfd@hotmail.com,"Convenient Family Dentistry-Grand Blanc",http://www.cfdds.net,"Grand Blanc",Michigan,"General Dentistry"
burtonadvancedental18@gmail.com,"Burton Advance Dental - Lavanya Seela DMD",https://www.burtonadvancedentalmi.com,Burton,Michigan,Dentist
burtondentalcenter@gmail.com,"Burton Dental Center: Comini Robert A DDS",http://www.burtondentalcenter.com,Burton,Michigan,Dentist
burtonfamilydental@yahoo.com,"Burton Family Dental",https://www.burtonfamilydentalmi.com,Burton,Michigan,Dentist
dental.shorez@gmail.com,"Flushing Dental Care",http://www.myflushingdentist.com,Flushing,Michigan,Dentist
dr.ralphbecker@gmail.com,"Blue Summit Dental Group",http://bluesummitdental.com,Davison,Michigan,Dentist
davisonartofdentistry@gmail.com,"The Art of Dentistry: Dr. Ronald A. Williams",http://www.davisonartofdentistry.com,Davison,Michigan,Dentist
dr.straley@comcast.net,"Jeffrey T. Straley DDS PC",http://drstraley.com,Flushing,Michigan,Dentist
hilltopdentists@yahoo.com,"Hilltop Dentists",http://www.hilltopdentists.com,Otisville,Michigan,Dentist
rkfamilydental@gmail.com,"RK Family Dental",http://www.rkfamilydental.com,Fenton,Michigan,Dentist
drvfamilydental@gmail.com,"Vargo Dental",http://www.vargodental.com,Flint,Michigan,Dentist
schimondds@gmail.com,"Ultimate Family Dental",http://drschimon.com,"Genesee Charter Township",Michigan,Dentist
ebracesone@aol.com,"Rangel Daniel D DDS MDs PC",http://www.pureorthodontics.com,"Grand Blanc",Michigan,Orthodontists
drsburau1@yahoo.com,"Drs Burau Cosmetic and Family Dentistry",http://www.drsburau.com,"Grand Blanc",Michigan,Dentist
omnismiles8326@gmail.com,OmniSmiles,http://www.omnismilesdental.com,"Mt Morris",Michigan,Dentist
deckerpilondental@gmail.com,"Janice E Pilon DDS",https://deckerpilondental.com,Flint,Michigan,Dentist
aimee.vakula@gmail.com,"Davison Healthy Teeth and Gums",http://davisonhealthyteethandgums.com,Davison,Michigan,Dentists
lakesidedental@protonmail.com,"Lakeside Dental Associates",https://www.lakesidedentalassociates.com,"Grand Blanc",Michigan,"Oral Surgeons"
flushingdental1@gmail.com,"Flushing Valley Dental",http://www.flushingvalleydental.com,Flushing,Michigan,Dentist
painlessdental@gmail.com,"Painless Dental Care",https://mypainlessdentalcare.com,"Grand Blanc",Michigan,Dentist
peterrickdds@gmail.com,"Grand Haven Family Dentistry: Peter Rick DDS",http://ghfamilydentistry.com,"Grand Haven",Michigan,Dentist
crystal.designforce@gmail.com,"Holland Family Dentistry PC",http://www.hollandfamilydentistry.com,Holland,Michigan,Dentist
arbutantedental@comcast.net,"Joe D. Arbutante DDS",http://www.arbutantedental.com,"Spring Lake",Michigan,Dentist
springlakesignaturesmiles@gmail.com,"Spring Lake Signature Smiles- Dr. Caitlin KovalakDDS",http://slsignaturesmiles.com,"Spring Lake",Michigan,Dentist
northpointefamilydental@gmail.com,"NorthPointe Family Dental & Implant Center",http://northpointefamilydental.com,"Grand Rapids",Michigan,Dentist
westsidedentalgr@gmail.com,"WestSide Dental GR",http://www.westsidedentalgr.com,"Grand Rapids",Michigan,Dentist
heritagehilldentalgr@gmail.com,"Heritage Hill Dental",http://www.heritagedentalgr.com,"Grand Rapids",Michigan,Dentist
krwdds@msn.com,"Grand Rapids Family Dentistry",https://grandrapidsdentist.com,"Grand Rapids",Michigan,Dentist
kidsdentistry@comcast.net,"West Coast Pediatric Dentistry",http://www.westcoastpediatricdentistry.com,Muskegon,Michigan,"Paediatric Dentist"
winningsmiles@comcast.net,"Winning Smiles Orthodontics",http://www.winningsmilesortho.com,Muskegon,Michigan,Orthodontist
pettijohndds@gmail.com,"Forest Hills Family Dental",http://foresthillsfamilydental.com,"Grand Rapids Charter Township",Michigan,Dentist
haackcascade@gmail.com,"Cascade Cosmetic & Family Dentistry",https://www.sedationdentistgrandrapids.com,"Grand Rapids",Michigan,Dentist
mcknowltondds@yahoo.com,"Knowlton & Masson Dentistry",http://www.spartadentistry.com,Sparta,Michigan,Dentist
nelsonfamilydentalpc@gmail.com,"Nelson Family Dental",http://www.nelsonfamilydentalpc.com,Wyoming,Michigan,"Dental clinic"
vanderlaandentistry@gmail.com,"VanderLaan Family Dentistry: Matthew R. VanderLaan DDS",http://www.vlfamilydentistry.com,"Byron Center",Michigan,Dentist
nicholsfamilydentistry@gmail.com,"Nichols Family Dentistry",https://dentistingrandrapidsmi.com,"Grand Rapids",Michigan,Dentists
info.hhendo@gmail.com,"Halvorson & Hembrough Endodontics Exclusively",http://www.grandrapidsrootcanals.com,"Grand Rapids",Michigan,Dentist
thomassmith755@comcast.net,"Thomas M Smith DDS",https://www.thomassmithdds.com,"Norton Shores",Michigan,"Dental clinic"
terrydental@aol.com,"Terry Dental",https://www.miterrydental.com,Muskegon,Michigan,Dentist
drthielbar@gmail.com,"Thielbar Family Dental",https://bestdentistontheplanet.com,Muskegon,Michigan,Dentist
shablukdds@gmail.com,"David M Shabluk DDS",http://davidshablukdds.com,Coopersville,Michigan,Dentist
albiegb@gmail.com,"Coopersville Dental Associates",https://www.cvilledental.com,Coopersville,Michigan,Dentist
taryn.harreld@gmail.com,"Robert J Tironi DDS",http://www.westshoreendo.com,MUSKEGON,Michigan,Endodontist
drdaytondds@yahoo.com,"Dr. Rick Dayton DDS",http://www.grandrapidsdental.co,"Grand Rapids",Michigan,Dentist
drkarenorourke@gmail.com,"ORourke & Wonderly Dental",http://www.orourkeandwonderly.com,"Grand Rapids",Michigan,Dentist
bmccoydds@yahoo.com,"Bradley R. McCoy DDS",http://bmccoydds.wixsite.com,"Grand Rapids",Michigan,Dentist
grandrapidsfamilydentistry@gmail.com,"mansfield family dentistry grand rapids",http://www.mansfieldgrdental.com,"Grand Rapids",Michigan,Dentist
ludwigdds@gmail.com,"Life-Centered Dentistry",http://lifecentereddentistry.com,"Grand Rapids",Michigan,Dentist
stevenssmile@gmail.com,"Stevens M Bernona DDS",http://www.stevenssmile.com,"Grand Rapids",Michigan,Dentist
williamrobsondds@gmail.com,"Robson Family Dental",https://www.robsonfamilydental.com,"Grand Rapids",Michigan,"Cosmetic dentist"
aospc550@gmail.com,"Alpine Oral Surgery",https://www.alpineoralsurgery.com,"Grand Rapids",Michigan,Dentist
breenfamilydentistry@gmail.com,"Breen Family Dentistry",http://www.breenfamilydentistry.com,"Grand Rapids",Michigan,Dentist
carpenterfamilydentistry@gmail.com,"Carpenter Family Dentistry",http://www.carpenterfamilydentistry.net,"Grand Rapids",Michigan,Dentist
carrollfamilydds@gmail.com,"Carroll Family and Cosmetic Dentistry",http://www.carrollfamilydentistry.com,"Grand Rapids",Michigan,"Cosmetic dentist"
denturesinaday@gmail.com,"Dentures In A Day",http://www.denturesinadayplc.com,"Grand Rapids",Michigan,"Dental clinic"
rastrobeldds@yahoo.com,"Strobel Robert a DDS",http://strobelfamilydentistry.com,"Grand Rapids",Michigan,Dentist
9497conditdentistry@gmail.com,"Condit Family Dentistry",https://grandrapids.dental,"Grand Rapids",Michigan,Dentist
millejac@gmail.com,"Jacob S. Miller DDS",https://www.jmillerdental.com,"Grand Rapids",Michigan,Dentist
sleeptmjcenter@gmail.com,"Wilson Dental Care",http://wilsondentalgr.com,"Grand Rapids",Michigan,Dentists
fultonfamilydentistry@gmail.com,"Fulton Family Dentistry: Dr. Sabrina Wadood",http://fultonfamilydds.com,"Grand Rapids",Michigan,Dentist
bretongardens@gmail.com,"Breton Gardens Family Dentistry",http://www.bretongardensfamilydentistry.com,"Grand Rapids",Michigan,Dentist
northviewfamilydentistry@gmail.com,"Northview Family Practice",http://www.northviewfamilydentistry.com,"Grand Rapids",Michigan,Dentist
mhwdds@gmail.com,"Wiersema Marijke H DDS",http://www.wiersemadds.com,Kentwood,Michigan,Dentist
stry@yahoo.com,"Grandville Pediatric Dentistry",http://grandvillepediatricdentistry.com,Grandville,Michigan,"Paediatric Dentist"
soltdental@gmail.com,"Solt Family Dental",http://soltdental.com,Wyoming,Michigan,Dentist
drodonald@gmail.com,"Dr. John C. ODonald DDS",https://www.greenville-dentist.com,Greenville,Michigan,Dentist
ivanrestfamilydentistry@gmail.com,"Ivanrest Family Dentistry",https://ivanrestdentistry.com,Grandville,Michigan,"Dental clinic"
office.jackson.dds@gmail.com,"Dr. Bruce Jackson D.D.S.",http://brucejacksondental.weebly.com,"Grand Rapids",Michigan,Dentist
drkmstratton@gmail.com,"Stratton Kathleen M DDS FAGD",http://www.kmstrattondds.com,Holland,Michigan,Dentist
beach2081@comcast.net,"Dr. Monica J. Lakatos DDS",https://www.northshoredentalassociates.com,Muskegon,Michigan,Dentist
alpinefamdent@gmail.com,"Alpine Family Dentistry",http://www.alpinefamilydental.com,"Comstock Park",Michigan,"General Dentistry"
cannonfamilydentistry@gmail.com,"Cannon Family Dentistry",http://www.cannonfamilydentistry.com,Rockford,Michigan,"General Dentistry"
orourkeandwonderlydental@gmail.com,"O'Rourke & Wonderly Dental",http://www.drkorourke.com,"Grand Rapids",Michigan,"General Dentistry"
selisdavid1@gmail.com,"Arthur Doering DDS - A & A Doering Endodontics",http://www.aadoeringendo.com,"Grand Rapids",Michigan,Endodontists
fingletondental@gmail.com,"Fingleton Family Dentistry",http://www.fingletondental.com,Grandville,Michigan,"General Dentistry"
dr.reath@yahoo.com,"Reath W Richard DDS",http://www.richardwreathdds.com,"Comstock Park",Michigan,Dentists
healthylifedentistry@gmail.com,"Healthy Life Dentistry",http://healthylifedentistry.com,"Grand Rapids",Michigan,Dentists
klbrda@yahoo.com,"James J. Hur DDS",http://www.doctorhur.com,Wyoming,Michigan,Dentists
beachesandbracesgr@gmail.com,"Beaches and Braces",https://www.beachesandbracesgr.com,"Byron Center",Michigan,Orthodontists
sara-ellison@hotmail.com,"Eric J English DDS - English Roumayah Family Dentistry",https://www.englishandroumayahfamilydentistry.com,Belmont,Michigan,Dentists
ssmobileweld@gmail.com,"Freeman Aaron Family Dentistry",https://www.ssmobilewelding.com,"Comstock Park",Michigan,Dentists
petershumakerdds@yahoo.com,"Dr. Peter E. Shumaker DDS MS PC",https://petershumakerdds.com,"Grosse Pointe",Michigan,Dentist
drselectdental@gmail.com,"family dentistry",http://drselectmich.tripod.com,Fraser,Michigan,"Cosmetic dentist"
lfdental@gmail.com,"Mark Summersett",http://www.lansefamilydental.com,L'Anse,Michigan,Dentist
www.smilebig0050@gmail.com,"Frederick M Saigh DDS",http://www.saighfamilydental.com,"Iron River",Michigan,Dentist
jjacksondds101@gmail.com,"James D. Jackson DDS",https://www.marquettesmiles.com,"Suite 201",Michigan,Dentist
drbleyenburg@gmail.com,"Douglas A. Bleyenburg DDS",http://drdouglasbleyenburg.com,Holland,Michigan,Dentist
svanslamdds@gmail.com,"VanSlambrouck Family Dentistry - Dr Scott VanSlambrouck DDS",http://www.vanslambrouckdentistry.com,Holland,Michigan,Dentist
ottawabeachdental@gmail.com,"Ottawa Beach Dental: Nathan B. Poel DDS",http://www.ottawabeachdental.com,Holland,Michigan,Dentist
westshoreendoholland@gmail.com,"West Shore Endodontics PC: Howard James DDS",http://www.westshoreendopc.com,Holland,Michigan,Dentist
kvfamilydental@gmail.com,"KV Family Dental PLLC",http://kvdentistry.com,Zeeland,Michigan,Dentist
sandyddsdouglas@gmail.com,"DellaVecchia Dental Services",http://www.ddsdouglas.com,Douglas,Michigan,"Dental clinic"
dreriklee@gmail.com,"Erik J. Lee DDS",http://www.erikjleedds.com,Grandville,Michigan,Dentist
snyderfamilydentistry@hotmail.com,"Snyder Family Dentistry",http://www.snyderfamilydentistry.com,"Byron Center",Michigan,Dentist
cherrybaydental@gmail.com,"Cherry Bay Dental",https://www.cherrybaydental.com,"Traverse City",Michigan,Dentist
zoutendamtc@gmail.com,"Traverse Dental Care: Zoutendam Jonathan B DDS",http://www.traversedentist.com,"Traverse City",Michigan,Dentist
drklym@gmail.com,"Financing Your Dental Implants with Dr. Klym",https://dentalimplantspetoskey.com,Petoskey,Michigan,"Cosmetic dentist"
northwoodspd@gmail.com,"Northwoods Pediatric Dentistry",https://www.northwoodspediatricdentistry.com,Kingsford,Michigan,"Paediatric Dentist"
briarwoodvalleydentistry@gmail.com,"Lorraine Hanna DDS FAGDFDOCS",http://www.kalamazoosedationdentist.com,Kalamazoo,Michigan,"General Dentistry"
westkalamazoodental@gmail.com,"West Kalamazoo Dental Care",http://westkalamazoodentalcare.com,Kalamazoo,Michigan,"Dental clinic"
david.novakdds@yahoo.com,"Dr. David S. Novak",http://davidsnovakdds.com,Kalamazoo,Michigan,Dentist
jschimpdds@gmail.com,"Schimp Jeffrey L DDS",http://jeffreyschimpdds.com,Kalamazoo,Michigan,Dentist
cate.nelson08@gmail.com,"Oshtemo Family Dentistry",http://www.oshtemofamilydentistry.com,Kalamazoo,Michigan,Dentist
miscjenison@gmail.com,"Midwest Implant Surgery Center Kalamazoo",http://midwestimplantsurgerycenter.com,Kalamazoo,Michigan,"Dental implants periodontist"
awillson54@hotmail.com,"Aaron Willson DDS",http://www.willsondentistry.com,Portage,Michigan,Dentist
creativedentistrymi@gmail.com,"Creative Dentistry of Portage",http://creativedentistryportage.com,Portage,Michigan,Dentist
c_flachs@yahoo.com,"Flachs Ronald H DDS",https://www.oakparkdentistry.com,Portage,Michigan,Dentist
schimpfamilydentistry@gmail.com,"Schimp Family Dentistry",https://www.schimpfamilydentistry.com,Portage,Michigan,"Emergency dental service"
danieldelgadostills@gmail.com,"Sunday Smiles Llc",http://delegancephotography.com,Kalamazoo,Michigan,Dentist
otsegofamilydentistry@hotmail.com,"Otsego Family Dentistry",https://www.otsegofamilydentistry.com,Otsego,Michigan,Dentist
kcackleydds@gmail.com,"Kenneth C. Ackley II DDS",https://www.kennethackleydds.com,Lansing,Michigan,Dentist
drbrooksandbaum@yahoo.com,"Todd K. Baum D.D.S. Pc",http://grandledgedentists.com,"Grand Ledge",Michigan,Dentist
masonfamilydentistry@yahoo.com,"Mason Family Dentistry",http://masonfamilydentistry.com,Mason,Michigan,"Dental clinic"
kempeinendds@gmail.com,"Kempeinen Dentistry P.C.",http://www.kempeinendentistry.com,Mason,Michigan,Dentist
gmulnixdds@hotmail.com,"Gary P Mulnix DDS",http://garymulnixdds.com,Mason,Michigan,Dentist
dr.dawdy@gmail.com,"Richard Dawdy DDS",http://www.drdawdy.com,Lansing,Michigan,Dentists
drmoorecharzetta@yahoo.com,"Astounding Bright Confident Smiles",https://www.astoundingbrightconfidentsmiles.com,"East Lansing",Michigan,Dentists
glfamilydentistry@gmail.com,"Sullivan Dennis J DDS",https://grandledgefamilydentistry.com,"Grand Ledge",Michigan,"General Dentistry"
beautyandteeth@yahoo.com,"Neighborhood Family Dentistry",https://www.beautyandteeth.com,"Madison Heights",Michigan,Dentist
jdecap9325@aol.com,"DeCapite James w DDS",http://www.decapitedental.com,Livonia,Michigan,Dentist
neighborhooddentists@gmail.com,"Dr. Holly Lin",http://www.neighborhooddentalgrouppc.com,Livonia,Michigan,Dentist
wood1dds@aol.com,"Alexander Dental P.C. Dr. Christine Eskander",http://www.alexanderpc.com,Livonia,Michigan,Dentist
mchalboth@comcast.net,"Mark J Halboth D.D.S.",http://www.awesomedental.com,Livonia,Michigan,Dentist
drsusanthomasdds@gmail.com,"R J & Associates Dental Care",http://www.rjdentalcare.com,Livonia,Michigan,Dentist
himmfamilydentistry@gmail.com,"Himm Family Dentistry",http://himmfamilydentistry.com,Livonia,Michigan,Dentist
druchil.shari@gmail.com,"SAAV Prosthodontics PC. Dr. Sharitha Uchil & Michael P. Girskis DDS MS",https://www.saavdental.com,Livonia,Michigan,Prosthodontist
drsmdc@gmail.com,"Dr. Steven J. Shuster DDS",http://sjshusterdentist.com,Livonia,Michigan,Dentist
bossoffloss@aol.com,"Steven M Moss DDS",http://www.brushds.com,Livonia,Michigan,Dentist
giaimofamilydentist@gmail.com,"Dr. Matthew A. Giaimo DDS",https://giaimofamilydentis.wixsite.com,Livonia,Michigan,Dentist
daherdentalmi@gmail.com,"Daher Dental -- Formerly Crescent Dental Care",http://daher-dental.com,Westland,Michigan,Dentist
drdanjdds@gmail.com,"Dentistry From The Heart",http://www.drdanjohnson.com,Westland,Michigan,Dentist
advancedperiodonticsliv@gmail.com,"Advanced Periodontics and Implantology",http://www.advancedperiodontics.com,Livonia,Michigan,"Dental clinic"
dentistry4kids215@yahoo.com,"Pediatric Dentistry P.C.",http://www.plymouthkidssmile.com,Plymouth,Michigan,"Dental clinic"
drjamesross@hotmail.com,"Dr James C. Ross Family Cosmetic & Laser Dentistry",http://www.drjamesross.com,Novi,Michigan,"Cosmetic dentist"
familydentistry1991@yahoo.com,"Canton-Plymouth Family Dentistry",https://www.cpfamilydentistry.com,Canton,Michigan,Dentist
plymouthsmiles@gmail.com,"Great Lakes Smiles - Dr. Suede",https://www.glsmiles.com,Plymouth,Michigan,Dentist
ovaldental2017@gmail.com,"Oval Dental Family Dentistry",https://ovalfamilydentistrywestland.com,Westland,Michigan,Dentist
familysmile1@gmail.com,"Canton Family Smile",http://www.cantonfamilysmile.com,Canton,Michigan,Dentist
jbgrantdds@yahoo.com,"Northville Dental Associates",https://northvilledentalassoc.com,Northville,Michigan,"Dental clinic"
aryafamilydental@gmail.com,"TLC Family Dentistry",http://www.drsatacares.com,"Garden City",Michigan,"General Dentistry"
ffdental13@gmail.com,"Farmington Family Dental",http://www.farmingtonfamilydentalmi.com,Farmington,Michigan,"General Dentistry"
wfdc.patty@yahoo.com,"Willowood Dental",http://www.willowooddental.com,Livonia,Michigan,Dentist
drneral@gmail.com,"Farmington Hills MI Dentist Sheela Neral DDS PC",http://www.drneraldentist.com,"Farmington Hills",Michigan,"Cosmetic dentist"
bermanfamilydentistry@gmail.com,"Your Plymouth Dentist",http://www.bermanfamilydentistry.com,Plymouth,Michigan,Dentists
denisemjenkins@aol.com,"Preservation Dental",http://preservationdental.com,Northville,Michigan,Dentist
lisabogankidd@aol.com,"Kidd Family Dentistry",http://www.drkidd.net,"Farmington Hills",Michigan,Dentist
michigansmiles1769@gmail.com,"Dr. Ruaa Waely - Michigan Smiles Family Dental",https://familydentistgardencity.com,"Garden City",Michigan,Dentist
james.jcjohns@gmail.com,"Wolfpack Dental",https://www.wolfpackdental.com,Plymouth,Michigan,Dentists
drlesliemetzger@aol.com,"Monet Aesthetic Dentistry",https://www.drlmetzger.com,Farmington,Michigan,Dentist
franklindentalasercenter@outlook.com,"Daryl F Moseley DDS",http://www.darylfmoseleydds.com,Southfield,Michigan,Dentists
jhamerin@gmail.com,"Hamerink Dental",http://www.hamerinkdental.com,Plymouth,Michigan,Dentists
drflury@gmail.com,"Penny S Flury DDS",http://www.smileonmainstreet.com,Plymouth,Michigan,Dentists
waynefamilydental@gmail.com,"Wayne Family Dental Associates",http://www.waynefamilydental.com,Wayne,Michigan,Dentists
upplegerdental@gmail.com,"Uppleger Dental",http://www.upplegerdental.com,Southfield,Michigan,Dentists
jrhallford@gmail.com,"Novi Dental",http://www.novidental.com,Novi,Michigan,"General Dentistry"
cksmithdds@gmail.com,"Clark K. Smith DDS",http://www.clarksmithdds.com,Redford,Michigan,Dentists
desaipai@yahoo.com,"Desai Dental Spa",http://www.desaidentalspa.com,"Farmington Hills",Michigan,Dentists
yleedentist@gmail.com,"Lee Dental Group",http://leedentalgroup.net,"Farmington Hills",Michigan,"General Dentistry"
foresthillsfamilydentistry@gmail.com,"Forest Hills Family Dentistry",http://foresthillsfamilydentistry.com,Ludington,Michigan,Dentist
clarsondds@gmail.com,"Family Dental Care",https://www.ludingtondentist.net,Ludington,Michigan,Dentist
nsimone25@gmail.com,"Simone Family Dental",http://www.simonefamilydental.com,Scottville,Michigan,Dentist
boyerfamilydentistry@gmail.com,"Boyer Family Dentistry",https://www.boyerfamilydentistry.com,Manistee,Michigan,Dentist
ritesh.kedia11@gmail.com,"Lakeshore Family Dental Care",https://www.lakeshorefamilydentalcare.com,Whitehall,Michigan,Dentist
abramsondds@hotmail.com,"Abramson Family Dentistry",https://www.abramsondds.com,Beulah,Michigan,Dentist
piperdental@gmail.com,"Michelle Piper",http://piperdental.com,Muskegon,Michigan,"Dental clinic"
marshallmorley@hotmail.com,"Indian River Family Dentistry",http://www.indianriverfamilydentistry.com,"Indian River",Michigan,Dentist
drstump40@gmail.com,"Bryan T. Stump D.M.D - Robert O. Pemberton D.D.S.",http://www.stumpdental.com,Petoskey,Michigan,Dentist
marquettefamilydental@gmail.com,"Marquette Family Dental",https://www.marquettefamilydental.com,Marquette,Michigan,Dentist
mountclemensdental@yahoo.com,"OConnor Dentistry",https://mountclemensdental.com,"Mt Clemens",Michigan,Dentist
drgarygilbert@gmail.com,"Gilbert Family Dentistry",http://www.gilbertfamilydental.com,"Mt Clemens",Michigan,Dentist
pannb1375@comcast.net,"Burness Patricia A DDS",http://www.patriciaburnessdds.com,"Mt Clemens",Michigan,Dentist
shorelinedental@comcast.net,"Infinity Dental Norton Shores",https://infinitydentalnortonshores.com,Muskegon,Michigan,Dentist
scholtzdental@gmail.com,"Scholtz Dental",http://www.northmuskegondental.com,Muskegon,Michigan,Dentist
fischerdentistry@gmail.com,"Fischer Family Dentistry of Muskegon",http://www.muskegondentist.net,"Norton Shores",Michigan,Dentist
brucejonesdental@gmail.com,"Bruce G. Jones DDS",https://brucegjonesdds.com,Muskegon,Michigan,Dentist
piperdental@yahoo.com,"Dr. Michelle L. Piper DDS",http://www.piperdental.net,Muskegon,Michigan,Dentist
ferguson.xrays@gmail.com,"Ferguson Joseph A DDS",http://www.josephfergusondds.com,Montague,Michigan,Dentist
qcdental@yahoo.com,"Queen Creek Dental",https://queencreekdental.com,Petoskey,Michigan,Dentist
rksheppard326@gmail.com,"Alpine Family Dentistry",https://www.gaylorddentist.com,Gaylord,Michigan,"Dental clinic"
ad-ej@hotmail.com,"Dr. Kyle Alexader Steward",https://www.accessdentalej.com,"East Jordan",Michigan,Dentist
mainoakfamilydentistry@gmail.com,"BRIAN HOYNER",http://www.mainoak.com,Gaylord,Michigan,"Dental clinic"
dentalopportunities524@gmail.com,"Pontiac Family Dental Center: Heath Michael DDS",https://www.yourwinningsmile.com,"Waterford Twp",Michigan,Dentist
drjenaras@yahoo.com,"Dr. Dans Gentle Dentistry",https://danieljjenaras.com,"Waterford Twp",Michigan,Dentist
ddswaterford@gmail.com,"Alkass Dental",https://alkassdental.com,"Waterford Twp",Michigan,Dentist
rickdero@aol.com,"Dr. Marco A. Tauil DDS",http://www.marcofamilydentistry.com,"Walled Lake",Michigan,Dentist
sheehandds@gmail.com,"Oakland Family Dental",https://oaklandfamilydental.com,"Waterford Twp",Michigan,Dentist
drgokoniewski@gmail.com,"Advanced Dental Concepts",http://www.advancedentalconcepts.com,"Auburn Hills",Michigan,"Dental clinic"
mdcwaterford@gmail.com,"Metropolitan Dental Center",http://www.mdcsmile.com,"Waterford Twp",Michigan,Dentist
huzaifa@gmail.com,"Kapadia Dental Care PLC",https://myteethdoctor.com,"Waterford Twp",Michigan,Dentist
tinamarshalldds@gmail.com,"Tina M. Marshall DDS",http://www.drtinadds.com,"Lake Orion",Michigan,"Cosmetic dentist"
kkellydds@aol.com,"Keith Kelley DDS",https://www.drkeithkelley.com,Troy,Michigan,Dentist
jabbottdentistry@gmail.com,"Jaime Abbott DDS PLLC",http://jabbottdentistry.com,"Lake Orion",Michigan,Dentist
clarkstondentalspa@gmail.com,"Clarkston Oaks Family Dentistry",http://clarkstonoaksdentistry.com,"Village of Clarkston",Michigan,Dentist
mclemorefamilydental@gmail.com,"McLemore Family Dental",http://mclemorefamilydental.com,"Village of Clarkston",Michigan,Dentist
mainstdentistry@gmail.com,"Main St. Dentistry",https://www.michiganmainstreetdentistry.com,"Village of Clarkston",Michigan,Dentist
clarkstonsmiles@yahoo.com,"Burns Daniel M DDS",http://clarkstonsmiles.com,"Village of Clarkston",Michigan,Dentist
meloralsurgery@comcast.net,"Williams James D DDS",http://www.jamesdwilliamsdds.com,"Village of Clarkston",Michigan,Dentist
gatewaydentalcare05@hotmail.com,"Gateway Dental Care",http://www.gatewaydentalcare-southlyon.com,"South Lyon",Michigan,Dentist
kdthomasdds@comcast.net,"Kenneth D. Thomas DDS",http://www.ourneighborhooddentist.com,"Village of Clarkston",Michigan,Dentist
dr.maryfisher@gmail.com,"Michigan Geriatric Dental Care",https://www.michigangeriatricdentalcare.com,"West Bloomfield Township",Michigan,Dentist
westoaksdental@aol.com,"West Oak Dental Group",https://westoaksdentalgroup.com,"West Bloomfield Township",Michigan,Dentist
drfisher.appt@gmail.com,"Dr. Mary M. Fisher DDS",http://www.drmarymfisher.com,"West Bloomfield Township",Michigan,Dentist
mylocalcosmeticdentist@gmail.com,"Dr. Rita Marroghi - General Dentist in Pontiac MI - Walled Lake MI",http://dr-rita-marroghi.jany.io,Pontiac,Michigan,Dentist
nodgpc@gmail.com,"North Oakland Dental Group",http://www.northoaklanddentalgroup.com,Oxford,Michigan,Dentist
paintcreekdentist@comcast.net,"Paint Creek Family Dentistry",http://www.paintcreekdentistry.com,Rochester,Michigan,Dentist
rochesterhillsdentist@gmail.com,"Rochester Hills Family Dentistry",https://rochesterhillsdentistry.net,"Rochester Hills",Michigan,Dentist
gsmilesdental@gmail.com,"Dr. Kulbir Jassal",https://www.glowingsmilesdental.com,Troy,Michigan,Dentist
birminghamdentalcenter@gmail.com,"Birmingham Dental",https://www.birminghamdentalcenter.com,Birmingham,Michigan,Dentist
whitelakedentist@gmail.com,"White Lake Family Dentist",https://whitelakedentist.com,"White Lake",Michigan,Dentist
gehangirgisdds@gmail.com,"Rochester Hills",https://www.rochesterhillsdentist.net,"Rochester Hills",Michigan,"Cosmetic dentist"
hurondental@comcast.net,"Huron Dental",http://hurondental.net,"Port Huron",Michigan,Dentist
kcarolan13@comcast.net,"Carolan Family Dentistry",http://www.carolanfamilydentistry.com,"Port Huron",Michigan,Dentist
cottereastondds@gmail.com,"Cotter & Easton General Dentistry",https://www.bluewatersmiles.com,"Port Huron",Michigan,Dentist
bluewaterorthodontics@gmail.com,"Blue Water Orthodontics",http://www.bluewaterorthodontics.com,"Fort Gratiot Twp",Michigan,Dentist
bwfd@comcast.net,"Blue Water Family Dentistry",http://www.bluewaterfamilydentistry.com,"Fort Gratiot Twp",Michigan,Dentist
brightpointe@comcast.net,"Bright Pointe Advanced Cosmetic & Family Dentistry",http://www.brightpointedds.com,Marysville,Michigan,Dentist
marinecityd@gmail.com,"Marine City Dental",https://marinecitydental.wixsite.com,"Marine City",Michigan,Dentist
drzaborski@yahoo.com,"Lisa K. Zaborski DDS. PC",https://www.zaborskidental.com,"Shelby Township",Michigan,Dentist
birchwoodfamilydental@gmail.com,"Birchwood Family Dentistry",http://birchwoodfamilydentistry.com,"Fort Gratiot",Michigan,"General Dentistry"
royaloakdental@gmail.com,"Royal Oak Dental",https://www.royaloakdental.com,"Royal Oak",Michigan,Dentist
abate1228@gmail.com,"Antonino S. Abate DDS",https://antonino-s-abate-dds-pc-family-dentist.business.site,"Royal Oak",Michigan,Dentist
stonewisdom555@yahoo.com,"Ostroth Thane L DDS",http://thaneostroth.com,"Royal Oak",Michigan,Dentist
catalpadentistry@comcast.net,"Catalpa Family Dental Center: Dale Amy",https://www.goaheadsmile.com,"Royal Oak",Michigan,Dentist
matthewjsmithdds@gmail.com,"Matthew J. Smith DDS",http://www.matthewjsmithdds.com,"Huntington Woods",Michigan,Dentist
bgddds781@gmail.com,"Dabney Benay DDS",http://www.docdabney.com,"Oak Park",Michigan,Dentist
greatwhitedent@gmail.com,"Great White Dental",http://www.greatwhitedent.com,"Madison Heights",Michigan,Dentist
oakparkdental@comcast.net,"Oak Park Dental Ctr",http://www.oakparkdentalctr.com,"Oak Park",Michigan,Dentist
maindentalpc@gmail.com,"Main Dental",http://maindentalmi.com,"Royal Oak",Michigan,Dentist
crimsonmapledental@yahoo.com,"Crimson Maple Dental",https://www.crimsonmapledental.com,"Sterling Heights",Michigan,Dentist
aciernodds@comcast.net,"Denise Acierno DDS",http://www.deniseaciernodds.com,"Royal Oak",Michigan,Dentists
johnharasin45@gmail.com,"John M. Harasin DDS",http://www.dentistinlewisvilletx.com,Saginaw,Michigan,"Dental clinic"
williamemason@hotmail.com,"Dr. William E. Mason D.D.S. M.S.",http://www.doctormasononline.com,Saginaw,Michigan,Dentist
smilesaginaw@gmail.com,"King Family Dental",http://smilesaginaw.net,Saginaw,Michigan,Dentist
paxsondental@gmail.com,"Malcolm R. Greenberg DDS",http://www.familydentistinsaginaw.com,Saginaw,Michigan,Dentist
doctorsdds@hotmail.com,"Creative Smiles Dental Group",http://creativesmilesdental.net,Holly,Michigan,Dentist
brfamilydental@yahoo.com,"Birch Run Family Dental",http://www.birchrunfamilydental.com,"Birch Run",Michigan,Dentist
kellceram@comcast.net,"Woodside Dental",http://www.dental-22.com,Saginaw,Michigan,Dentist
maylwort@gmail.com,"Old Mission Dentistry",http://oldmissiondental.com,"Traverse City",Michigan,Dentist
bel213el@gmail.com,"Kalkaska Family Dental Center",http://www.kalkaskafamilydental.com,Kalkaska,Michigan,Dentist
drlisamusgrave@icloud.com,"Lisa M. Musgrave DDS",http://lisamusgravedds.com,Beulah,Michigan,Dentist
tgkay17@yahoo.com,"Northern Shores Dental Group",http://www.northernshoresdental.com,Interlochen,Michigan,Dentist
powerplusmouthguard@gmail.com,"powerplus mouth guard",https://powerplusmouthguard.com,"Traverse City",Michigan,Dentist
empirefamilydental@outlook.com,"Empire Family Dental - Daniel Fisher DDS",https://empirefamilydentalmi.com,Empire,Michigan,Dentist
ddsjkaram@yahoo.com,"James J. Karam DDS PC",http://www.jameskaramdds.com,Warren,Michigan,Dentist
wdentistrydds@gmail.com,"W Dentistry Dr. Wassim El Awadi - Dentist in Warren MI",https://wdentistrydds.com,Warren,Michigan,Dentist
marlowdental@aol.com,"Marlow Family Dental",http://www.tulakgoreckimarlowdental.com,Warren,Michigan,Dentist
thedentistdds@gmail.com,"R. Gryebet DDS",http://rgryebetdds.weebly.com,"Sterling Heights",Michigan,Dentist
drnowicki1@yahoo.com,"Dr. Keith Nowicki DDS",https://www.drkeithnowicki.com,Fraser,Michigan,"Dental implants periodontist"
stapolloniadental@gmail.com,"St. Apollonia Dental",http://www.stapolloniadental.com,"Sterling Heights",Michigan,Dentist
dhondt2@comcast.net,"DHondt Family Dental-Fraser",http://macombdds.com,Fraser,Michigan,"Cosmetic dentist"
davidbradleyddspc@gmail.com,"David Bradley DDS PC",http://www.davidbradleydds.com,Novi,Michigan,Dentist
dynamicdentalmedspa@gmail.com,"Dynamic Dental Associates",http://www.godynamicdental.com,"Sterling Heights",Michigan,Dentist
millenniumfamilydental16655@gmail.com,"Dr. Kathleen Abate DDS",http://www.millenniumfamilydental.org,"Clinton Twp",Michigan,Dentist
billdamm@comcast.net,"Rosenberry Family Dental",http://www.rosenberryfamilydental.com,"Sterling Heights",Michigan,"Cosmetic dentist"
nakhlerony1@gmail.com,"NUNU DENTAL PLLC",http://www.nunudental.net,Roseville,Michigan,Dentist
wakeemdentistry@gmail.com,"Jehan Wakeem DDS",http://wakeemdentistry.com,"Saint Clair Shores",Michigan,Dentist
bgmdhp@gmail.com,"Michigan's Dental Health Pro",https://www.mismileteam.com,"Sterling Heights",Michigan,Dentist
universaldentalcenter65@gmail.com,"Professional Dental Center",http://www.universaldentalcenter.com,Eastpointe,Michigan,Dentist
garyjohdds@gmail.com,"Comfort Dentistry",http://www.comfortdentistry.com,Troy,Michigan,Dentist
elitedentistrymi@gmail.com,"Elite Dentistry",http://elitedentistrymi.com,"Sterling Heights",Michigan,Dentists
ddc16@outlook.com,"Dhillon Dental Care",http://www.dhillondentalcare.com,"Sterling Heights",Michigan,Dentists
troymetrodental@gmail.com,"Troy Metro Dental",http://www.troymetrodental.com,Troy,Michigan,Dentists
wildbell@gmail.com,"Campbell William D DDS PC",http://wildbell.com,"Sterling Heights",Michigan,Dentists
compdentalclinic@gmail.com,"Comprehensive Dental Clinic",http://www.compdentalclinic.com,"Sterling Heights",Michigan,Dentists
hillstreamdental@gmail.com,"Robert G Hubbard DDS PC",http://www.drrobhubbard.com,Rochester,Michigan,Dentists
mjaiello@yahoo.com,"Michael J Aiello DDS",https://www.michaelaiellodds.com,"Clinton Township",Michigan,Dentists
dentalsterling@yahoo.com,"Powell David J DDS",http://www.powelldentalcare.com,"Sterling Heights",Michigan,"General Dentistry"
yourneighborhooddentist15@gmail.com,"Your Neighborhood Dentist",http://www.yourneighborhooddentists.com,Warren,Michigan,Dentists
williamson.clay@yahoo.com,"Bright Smile Dentistry",http://brightsmiledentistry.com,"Sterling Heights",Michigan,"General Dentistry"
frontdeskcarlinopaton@yahoo.com,"John P Carlino DDS",http://carlinopatondds.com,"New Baltimore",Michigan,Dentists
pgaappt@gmail.com,"Anderson Peter G DDS PC",https://dentistanderson.com,Birmingham,Michigan,"General Dentistry"
finazzortho@gmail.com,"Josephine Finazzo DMD",http://www.finazzoortho.com,Southgate,Michigan,Orthodontist
familygentledentist@gmail.com,"Family Gentle Dentists",http://familygentledentists.com,Woodhaven,Michigan,Dentist
chadcarv@comcast.net,"Chad C Carver DDS",http://www.carverbisarodentistry.com,Trenton,Michigan,Dentist
esparzaontario@gmail.com,"Jackson Snider Parker Dentistry",http://www.trentonsmiles.com,Trenton,Michigan,Dentists
communitysightprogram@gmail.com,"Dr. Ali Nikoo DDS",http://www.thehopeclinic.org,Ypsilanti,Michigan,Dentist
hwill61102@aol.com,"Family Dentistry of Belleville",https://www.familydentistrymi.com,Belleville,Michigan,Dentist
drshenzelsmith@gmail.com,"General Dentistry",http://drshenzelsmith.com,Canton,Michigan,Dentist
theadvancedortho@gmail.com,"Dr. Ritu Kular Singh",http://theadvancedortho.com,Canton,Michigan,Orthodontist
