email,company,website,city,state,profession
mwarshanna@angeldentalcare.com,"Angel Dental Care",http://www.angeldentalcare.com,Annapolis,Maryland,"Dental clinic"
nlane@chesapeakecenter.org,"Chesapeake Center Inc",http://chesapeakecenter.org,Annapolis,Maryland,"Dental clinic"
katie@smileannapolis.com,"Djawdan Center for Implant & Restorative Dentistry",https://smileannapolis.com,Annapolis,Maryland,"Dental implants periodontist"
drkeer@mayo-dental.com,"Mayo Dental Family Dentistry",http://www.mayo-dental.com,Edgewater,Maryland,"Dental clinic"
brian@drstoute.com,"Stoute Dental",http://drstoute.com,Crofton,Maryland,"Cosmetic dentist"
rolando.galvez@affordabledentures.com,"Affordable Dentures & Implants",https://www.affordabledentures.com,Hyattsville,Maryland,"Denture Care Centre"
efernandez@mainstreetsmiles.com,"Main Street Children's Dentistry and Orthodontics of Glen Burnie",https://www.mainstreetsmiles.com,"Glen Burnie",Maryland,"Pediatric Dentist"
laplataortho@d4c.com,"Crofton Orthodontics Associates",http://www.docrsmartin.com,Crofton,Maryland,"General Dentistry"
govansdental@verizon.net,"Govans Family Dental Center",http://www.govansdentalcenter.com,Baltimore,Maryland,"Dental clinic"
jessica@harborvieworalsurgery.com,"Bonnie Arroyo",http://www.harborvieworalsurgery.com,Baltimore,Maryland,"Oral surgeon"
contact_us@whitemarshdental.com,"White Marsh Family Dentistry",http://www.whitemarshdental.com,Baltimore,Maryland,"Dental clinic"
baltimorepedo@d4c.com,"Douglas Clemens DMD",https://crosskeysdentalassociates.com,Baltimore,Maryland,"Paediatric Dentist"
michele@oe2dds.com,"Thomas C Keller DDS",http://www.ok3dds.com,Towson,Maryland,"General Dentistry"
drwilliams@emergencydentalservice.com,"Emergency Dentist 24/7",https://www.emergencydentalservice.com,Baltimore,Maryland,"Emergency dental service"
martin@drmartinschwartzberg.com,"Martin Schwartzberg DDS",http://www.drmartinschwartzberg.com,Pikesville,Maryland,"Cosmetic dentist"
smiles@smilestowson.com,"Dental Implants & Cosmetic Dentistry of Towson",https://www.drboenning.com,Towson,Maryland,"Cosmetic dentist"
jamie@emergencydentist247.com,"Prime Emergency Dentist Baltimore",https://www.emergencydentist247.com,Baltimore,Maryland,"Emergency dental service"
drbowden@kidstooth.com,"Bowden Tracy DDS LLC",https://www.kidstooth.com,Timonium,Maryland,"Paediatric Dentist"
pmccormick@rktongue.com,"R. K. Tongue Co. Inc.",http://www.rktongue.com,Baltimore,Maryland,"Insurance agency"
smile@elliottfamilydentistry.com,"Elliott Family Dentistry",https://www.elliottfamilydentistry.com,"Linthicum Heights",Maryland,"General Dentistry"
drrichardson@wholisticdentalconcepts.com,"Willie J Richardson DDS",http://www.wholisticdentalconcepts.com,Baltimore,Maryland,"Oral Surgeons"
brian@friendshipdentallab.com,"Friendship Dental Laboratories Inc.",https://friendshipdentallab.com,Rosedale,Maryland,"Dentist & Dental Office"
drminch@drminch.com,"Minch Dentist Robert S",https://www.drminch.com,Lutherville,Maryland,"Cosmetic dentist"
maplelawn@akesosurgery.com,"Catonsville Oral Surgery",https://akesosurgery.com,Catonsville,Maryland,"Oral surgeon"
gratitudematters-mgsh@medstar.net,"Good Samaritan Dental & Surgical Assoc",http://goodsam-md.org,Baltimore,Maryland,"General Dentistry"
lgertsen@familydentalcenter.org,"Davis Darrin DDS PA",http://www.familydentalcenter.org,Baltimore,Maryland,"General Dentistry"
omharford@genesisfamilydental.com,"Schaffer Brian D DDS PA",https://www.genesisfamilydental.com,Parkville,Maryland,"General Dentistry"
jpurcell@mackenziemanagement.com,"Baltimore City Dental Society",http://www.bomabaltimore.org,Baltimore,Maryland,"General Dentistry"
devon@dtechbc.com,D-TECH,http://dtechbc.com,Mitchellville,Maryland,"Dental clinic"
smile@dentalsurgerydc.com,"Dental Surgery Center of DC",https://www.dentalsurgerydc.com,"Upper Marlboro",Maryland,"Dental clinic"
smile@fentonfamilydental.com,"Fenton Family Dental - Clinton",https://fentonfamilydental.com,Clinton,Maryland,"General Dentistry"
ellicottcity@smiles4children.net,Smiles4Children,http://www.smiles4children.net,Catonsville,Maryland,"Paediatric Dentist"
catonsville@akesosurgery.com,"Testani Robert B DDS",https://www.catonsvilleoralsurgery.com,Catonsville,Maryland,"Oral Surgeons"
kgunnoud@takomalangley.org,"Langley Park Dental Center",http://takomalangley.org,"Takoma Park",Maryland,"Dental clinic"
nusmiles@nusmiles.com,nusmiles,http://www.nusmiles.com,"Takoma Park",Maryland,"Dental clinic"
riverdalepark@mydentalemail.com,"Riverdale Park Pediatric Dentistry",http://rppediatricdentistry.com,"Riverdale Park",Maryland,"Paediatric Dentist"
takomapark@elitedentaldmv.com,"Elite Dental",https://elitedentaldmv.com,"Silver Spring",Maryland,"General Dentistry"
ent@hillkidsdental.com,"Hill Pediatric Dentistry",https://www.hillkidsdental.com,"Silver Spring",Maryland,"Paediatric Dentist"
drbunnag@drbunnag.com,"Bunnag Dental Associates PA",https://www.drbunnag.com,"Silver Spring",Maryland,"Dental clinic"
cjames@mykiddsmiles.com,"Pediatric Dental Center of Frederick",http://www.mykiddsmiles.com,Frederick,Maryland,"Paediatric Dentist"
deblena@drhlevyassoc.com,"Dr. Harvey Levy & Associates",http://www.drhlevyassoc.com,Frederick,Maryland,"Dental clinic"
jamilynt@asunciondentalgroup.com,"Frederick J Asuncion DDS",http://asunciondentalgroup.com,Frederick,Maryland,"Oral Surgeons"
frederick@felicitydental.com,"Felicity Dental Frederick",https://www.felicitydental.com,Frederick,Maryland,"Cosmetic dentist"
dexter@officite.com,"PearlFection Dentistry Urbana Maryland",http://www.pearlfectionurbana.com,Frederick,Maryland,"Dental clinic"
crossfinancialcoordinator@verizon.net,"Jeffrey W. Cross DDS",https://crossdentistry.com,Frederick,Maryland,"Dental clinic"
drtowe@frederickimplant.com,"Advanced Implants & Periodontics; Dr. Melanie Towe PA",http://www.frederickimplant.com,Frederick,Maryland,"Dental implants periodontist"
dentist@dryalda.com,"Dr. Behnaz Yalda DMD",https://frederickperioandimplants.com,Frederick,Maryland,"Dental implants periodontist"
investor_relations@uhc.com,"Unitedhealth Group",http://www.unitedhealthgroup.com,Frederick,Maryland,"Insurance agency"
drnhu@germantowndentalvillage.com,"Germantown Dental Village",https://www.germantowndentalvillage.com,Germantown,Maryland,"Cosmetic Dentist"
drchen@sfpcoms.com,"Affiliated Oral and Maxillofacial Surgeons of Maryland",http://affiliatedoms.com,Rockville,Maryland,"Oral Surgeons"
drsheer@mtairysmiles.com,"Mt Airy Children's Dental Associates",http://www.mtairysmiles.com,"Mount Airy",Maryland,"Paediatric Dentist"
appt@clarksburgdentalmd.com,"Clarksburg Dental Center",https://www.clarksburgdentalcenter.com,Germantown,Maryland,"General Dentistry"
siu@aflac.com,Aflac,http://aflac.com,Frederick,Maryland,"Insurance agency"
appointments@kincheloedental.com,"Kershner & Trepper Dental Associates PA",http://www.ktdental.com,Frederick,Maryland,"General Dentistry"
pmc4dent1@verizon.net,"Platinum Dental Group Sarmad Khamas DMD FAGD",http://www.platinum-dental-group.com,Germantown,Maryland,"General Dentistry"
dtessema@abysdental.com,"Abys Dental",https://www.abysdental.com,Beltsville,Maryland,"General Dentistry"
laurel@akesosurgery.com,"Arthur C Jee DMD",https://laureloralsurgery.com,Laurel,Maryland,"Dental clinic"
doctor@garlanddavisdds.com,"Garland K. Davis DDS",https://www.garlanddavisdds.com,Laurel,Maryland,"General Dentistry"
dentist@dentists.pro,Dentists.pro,http://dentists.pro,Hagerstown,Maryland,"Dental clinic"
rbean@cfaortho.com,"Houmann Per K DDS",http://www.hipknee.com,Hagerstown,Maryland,"Oral Surgeons"
ryan@askmagnify.com,"SmileLand Pediatric Dentistry - Silver Spring",https://www.smilelandpd.com,"Silver Spring",Maryland,"Paediatric Dentist"
dentaltemp@quicdent.com,"Quicdent dental staffing",http://www.quicdent.com,Laurel,Maryland,"Dental hygienist"
bryanlau@lau2.com,"Insurance and Resources for Dental Practices in Maryland and Washington DC",http://www.dentistfile.com,Laurel,Maryland,"Insurance agency"
doctor@columbiapediatricdentistry.com,"Columbia Pediatric Dentistry",https://www.columbiapediatricdentistry.com,Columbia,Maryland,"Pediatric Dentist"
pcc@omfsmd.com,"Dental Implant Center of Rockville",https://www.drsreeni.com,Rockville,Maryland,"Oral surgeon"
drschlactus@drschlactus.com,"Dr. David J. Schlactus DMD",http://www.drschlactus.com,Rockville,Maryland,"Cosmetic dentist"
kids@allstar-pediatricdentistry.com,"All Star Pediatric Dentistry",https://www.allstar-pediatricdentistry.com,Rockville,Maryland,"Paediatric Dentist"
frances@rubinsteindentistry.com,"Rubinstein Dentistry",http://www.rubinsteindentistry.com,Rockville,Maryland,"Dental clinic"
sterling@superkidsdentistry.com,"SuperKids Pediatric Dentistry",https://www.superkidsdentistry.com,Rockville,Maryland,"Paediatric Dentist"
doctor@kidsteeth.net,"Kids Teeth LLC",http://kidsteeth.net,Rockville,Maryland,"Paediatric Dentist"
smile@shadygrovepediatricdentistry.com,"Shady Grove Pediatric Dentistry: Dr Bana Ball",http://shadygrovepediatricdentistry.com,Rockville,Maryland,"Paediatric Dentist"
jin@endogroup.com,"Endodontic Associates of Greater Washington",https://www.endogroup.com,Gaithersburg,Maryland,"Dental clinic"
sleep@bethesdasedationdentistry.com,"Bethesda Sedation Dentistry",https://www.bethesdasedationdentistry.com,Bethesda,Maryland,"Cosmetic dentist"
gylaya@olneydentalcenter.com,"Olney Dental Center",https://olneydentalcenter.com,Olney,Maryland,"Dental clinic"
network@denexdental.com,Denex,http://www.denexdental.com,Rockville,Maryland,"Insurance agency"
gaithersburg@monumentendoperio.com,"DR. HYUNG JIN BAE",http://monumentendoperio.com,Gaithersburg,Maryland,"General Dentistry"
smile@dcpediatricsmiles.com,"DC Pediatric Smiles",http://www.dcpediatricsmiles.com,Bethesda,Maryland,"Pediatric Dentists"
cheryl.leepow@powherchiro.com,"Morrison Paul M DDS",http://www.powherchiro.com,Potomac,Maryland,"Oral Surgeons"
schedule@demddental.com,"Delaware Maryland Dental",http://www.demddental.com,Salisbury,Maryland,"Dental clinic"
beckyh@delmarvadentalservices.com,"Delmarva Dental Services",https://www.delmarvadentalservices.com,Salisbury,Maryland,"Cosmetic dentist"
compliments@chesapeakehc.org,"Chesapeake Health Care Dental",http://chesapeakehc.org,Salisbury,Maryland,"Dental clinic"
empire@empiredentaltx.com,"Dr. Upinder Singh",http://empiredentaltx.com,Salisbury,Maryland,"Emergency dental service"
mdefiore@averyhall.com,"Avery Hall Insurance Group",https://www.averyhall.com,Salisbury,Maryland,"Insurance agency"
deathclaimforms@lfg.com,"Lincoln National Life Insurance",http://lfg.com,Salisbury,Maryland,"Insurance agency"
drfacet@verizon.net,"Dr. Matilde E Facet DDS",http://www.matildefacetdds.com,"Silver Spring",Maryland,"Cosmetic dentist"
sbeeler@cdcaexams.org,"North East Regional Board of Dental Examiners",http://www.nerb.org,"Silver Spring",Maryland,"General Dentistry"
mdental@menadental.com,"Mena Dental",http://www.menadental.com,Kensington,Maryland,"General Dentistry"
subscriptions@bumpngrind.co,"Ko Dental Lab",https://bumpngrind.co,"Silver Spring",Maryland,"General Dentistry"
juarez@internationalministries.org,"Karmand Siar DDS",http://thechurchdowntown.com,"Silver Spring",Maryland,"General Dentistry"
drtadros@daliadental.com,"dalia tadros dds md",http://www.daliadental.com,Towson,Maryland,"Dental clinic"
center1@kruppcenter.com,"Dr. Bernard I Krupp Krupp Center",http://www.kruppcenter.com,Towson,Maryland,"Oral and maxillofacial surgeon"
john@anushjohnoms.com,"DR Stephen G Cameron",https://www.anushjohnoms.com,Lutherville,Maryland,"Oral Surgeons"
drjrosenfeld@newtowndental.com,"New Town Dental",https://newtowndental.com,"Owings Mills",Maryland,"General Dentistry"
deals@gearpatrol.com,"Stephen G Cameron & Associate - Stephen G C Cameron DDS",http://www.scameronoms.com,"Lutherville Timonium",Maryland,"General Dentistry"
