email,company,website,city,state,profession
accessdentalcareclinic@gmail.com,"Access Dental Care Clinic PC",http://accessdentalcareclinic.com,Cheyenne,Wyoming,Dentist
drrscutlerdds@gmail.com,"Richard S Cutler DDS - New Image Dental",http://niddds.com,Cheyenne,Wyoming,Dentists
eastpershingdental@gmail.com,"East Pershing Dental",https://eastpershingdental.com,Cheyenne,Wyoming,Dentist
chadchris9@gmail.com,"Sunlight Dental",https://www.sunlightdentalwy.com,Cheyenne,Wyoming,Dentist
denteffex@gmail.com,Denteffex,https://denteffex.com,Cheyenne,Wyoming,Dentist
drycreekd@gmail.com,"Dry Creek Dental",https://www.drycreekdental.com,Cheyenne,Wyoming,Dentist
drmarkrinne@gmail.com,"Dr Mark D Rinne DDS",http://www.markdrinnedds.com,Cheyenne,Wyoming,Dentist
cochranfamilydentistry@hotmail.com,"Cochran Family Dentistry - Bryan Kent Cochran DDS",https://www.cochranfamilydentistry.com,Cheyenne,Wyoming,Dentist
cheyortho@aol.com,"Cheyenne Orthodontics - WHEATLAND CLINIC",http://www.cheyenne-orthodontics.com,Wheatland,Wyoming,Orthodontist
bkillpack@yahoo.com,"Albany County Family Dentistry",http://acfamilydentistry.com,Laramie,Wyoming,Dentist
cheyennedentist@gmail.com,"Rick A.Beverley DDS LLC",http://www.rickbeverleydds.com,Cheyenne,Wyoming,"General Dentistry"
mcphersondental@gmail.com,"John McPherson",https://johnrmcphersondds.com,Laramie,Wyoming,Dentist
deercreekdentistry@gmail.com,"Deer Creek Dental",https://www.deercreekdentalcasper.com,Casper,Wyoming,Dentist
brooktrout6671@gmail.com,"Brook Trout Dental",http://brooktroutdental.com,Casper,Wyoming,Dentist
aspenridgedental@hotmail.com,"Benjamin R Emery DDS",https://weence.com,Casper,Wyoming,Dentist
tshaunsutherlanddds@gmail.com,"T Shaun Sutherland DDS",http://www.tshaunsutherlanddds.com,Casper,Wyoming,Dentist
ben.e.leeper@gmail.com,"Leeper Benjamin E DDS",http://www.leeperdental.com,Casper,Wyoming,Dentist
oilcitydental@gmail.com,"Oil City Dental",https://oilcitydental.com,Casper,Wyoming,Dentist
hilltopdentalwy@gmail.com,"Hilltop Family Dental",http://www.hilltopfamilydentalwy.com,Casper,Wyoming,Dentist
pauldona@gmail.com,"Signature Dental",https://signaturedentalwy.com,Casper,Wyoming,Dentist
windcitydental@gmail.com,"Wind City Dental by Espire",https://www.windcitydental.com,Casper,Wyoming,Dentist
wellsdentistry@outlook.com,"Wells Dentistry",http://jessicawellsdds.com,Casper,Wyoming,Dentist
riverrockdental@hotmail.com,"River Rock Dental: Vigneri Mark DDS",http://www.riverrockdental08.com,Casper,Wyoming,Dentist
wyoorthodontics@gmail.com,"WYO ORTHO",https://www.wyoorthodontics.com,Casper,Wyoming,Orthodontist
draarontaff@hotmail.com,"Aaron C Taff DDS P.C.",http://www.aarontaffdds.com,Laramie,Wyoming,Dentist
powderriverdental@gmail.com,"Powder River Dental",https://powderriverdental.com,Gillette,Wyoming,Dentist
gillettepediatricdentistry@gmail.com,"Gillette Pediatric Dentistry",http://gillettepediatricdentistry.com,Gillette,Wyoming,"Paediatric Dentist"
eaglesummitdentalclinic@gmail.com,"Eagle Summit Dental Clinic",https://www.eaglesummitdentalclinic.com,Buffalo,Wyoming,Dentist
davidsonfamilydental1@gmail.com,"Davidson Family Dental",http://davidsonfamilydental.net,"Rock Springs",Wyoming,Dentist
harmonfamilydental@gmail.com,"Harmon Family Dental",http://www.harmonfamilydental.com,"Rock Springs",Wyoming,Dentist
childrensdentalcenterofrs@gmail.com,"Childrens Dental Center of Rock Springs",http://childrensdentalcenterofrocksprings.com,"Rock Springs",Wyoming,"Paediatric Dentist"
rockspringsperio@gmail.com,"WY Implants & Surgical Arts",http://www.wyimplantsandsurgicalarts.com,"Rock Springs",Wyoming,"Dental implants periodontist"
birchfamilydentistrywy@gmail.com,"Birch Bryant P DDS",http://birchfamilydentistry.com,"Green River",Wyoming,Dentists
westfamilydentistry@live.com,"West Family Dentistry PC",https://www.westfamilydentistrywy.com,"Green River",Wyoming,Dentist
whitneyplazadental1@gmail.com,"Whitney Plaza Dental",http://www.whitneyplazadental.com,Sheridan,Wyoming,Dentist
davidbaileydds@gmail.com,"Bighorn Pediatric Dentistry",http://www.bighornpediatricdentistry.com,Sheridan,Wyoming,"Dental clinic"
drjmccolley@gmail.com,"Creekside Dental",http://www.creeksidedentalsheridan.com,Sheridan,Wyoming,Dentist
coffeenplazadental@gmail.com,"Coffeen Plaza Dental LLC",http://www.coffeenplazadentalllc.com,Sheridan,Wyoming,"Dental clinic"
leroyfamilydental@yahoo.com,"Dr. Dana K. Leroy DDS",http://www.leroyfamilydental.com,Sheridan,Wyoming,Dentist
sheridanfamilydentistry@verizon.net,"Family Dentistry",http://www.sheridanfamilydentistry.net,Sheridan,Wyoming,Dentist
slogandental@outlook.com,"Ivory Peaks Dental",https://ivorypeaksdental.com,Ranchester,Wyoming,Dentist
greybulldental@gmail.com,"Greybull Dental",https://www.greybulldental.com,Greybull,Wyoming,Dentist
mossortho@gmail.com,"Moss Orthodontics PC Mathew A. Moss DDS MS Orthodontist",http://www.drmossortho.com,Worland,Wyoming,Orthodontist
elkridgedental@gmail.com,"ElkRidge Dental Dr. Nathan Tanner DMD",http://www.elkridgedental.com,Jackson,Wyoming,"Dental clinic"
dentistrichter@gmail.com,"Alice Eve Richter D.D.S.",http://dentistaliceeverichter.com,Jackson,Wyoming,Dentist
grahamfamilydental20@gmail.com,"Graham Family Dental",https://grahamfamilydentalwy.com,Riverton,Wyoming,Dentist
mynusmiledental@gmail.com,"NU Smile",https://www.gonusmile.com,Riverton,Wyoming,Dentist
kgmenefee@live.com,"Riverton Dental Center",http://rivertondentalcenter.com,Riverton,Wyoming,Dentist
paintbrushdental@hotmail.com,"Paintbrush Dental",http://paintbrushdental.org,Thermopolis,Wyoming,Dentist
bearriverdental@gmail.com,"Bear River Dental",https://www.bearriverdental.com,Evanston,Wyoming,Dentist
arrowheaddental50@gmail.com,"Arrowhead Dental",https://www.arrowheaddentalwy.com,Evanston,Wyoming,Dentist
lesterbunch@gmail.com,"Wyoming Dental Specialties",http://www.wyomingdentalspecialties.com,Evanston,Wyoming,Orthodontist
gregory.anderson3@hotmail.com,"Wisdom Teeth Only",https://wisdomteethonly.com,Evanston,Wyoming,Dentist
forkeldo@gmail.com,"Uinta Orthodontics",http://www.schoutenorthodontics.com,Evanston,Wyoming,Orthodontist
diamondgdental@gmail.com,"Diamond G Dental",https://diamondgdental.com,Kemmerer,Wyoming,Dentist
hillfamilydentistry@yahoo.com,"Hill Family Dentistry",http://hillfamilydentistrycodywy.com,Cody,Wyoming,Dentist
mycodydentist@gmail.com,"Cody Dental Excellence:HolemanDevon DMD",http://www.mycodydentist.com,Cody,Wyoming,Dentist
heartmountaindental@gmail.com,"Heart Mountain Dental",https://codyfamilydental.com,Cody,Wyoming,Dentist
mamadesiscauldron@gmail.com,"Dr. James D. Engstrom DDS",http://www.jamesengstromdds.com,Rawlins,Wyoming,Dentist
teresaruehldds@gmail.com,"Main Street Dental",http://mainstreet-dental.com,Lander,Wyoming,Dentist
christinehull1@gmail.com,"Powell Family Dental Dr. Rock Hull",http://www.rockhulldmd.com,Powell,Wyoming,Dentist
drlarryakin@gmail.com,"Akin Larry D Dr Inc",http://drlarryakindds.com,Powell,Wyoming,Dentist
griggsdds@gmail.com,"Griggs Family Dental",http://www.torringtondentistry.com,Torrington,Wyoming,Dentist
famdentwyo@gmail.com,"Pieper & Marsh Family Dentistry",http://www.pieperdentistry.com,Torrington,Wyoming,Dentist
danegriggsdds@gmail.com,"Griggs Family Dental",http://griggsfamilydental.com,Torrington,Wyoming,Dentist
windriverdental@gmail.com,"Wind River Dental: Josh Francis DDS",http://windriverdentalpinedale.com,Pinedale,Wyoming,Dentist
blacksforkdental@gmail.com,"Blacks Fork Dental",https://www.blacksforkdental.com,"Mountain View",Wyoming,Dentists
mcgee.ifofs@gmail.com,"Star Valley Oral and Facial Surgery",https://starvalleyoralsurgery.com,Thayne,Wyoming,Dentists
plattevalleydentalclinic@gmail.com,"Platte Valley Dental",http://plattevalleydentalclinic.com,Saratoga,Wyoming,Dentist
