email,company,website,city,state,profession
shaubdentistry@gmail.com,"Daniel Shaub DDS",http://shaubdentistry.com,Billings,Montana,Dentist
benchmarkdentalpc@gmail.com,"Benchmark Dental PC",http://benchmarkdent.com,Billings,Montana,Dentist
billingsdds1@gmail.com,"Billings MT DDS",http://www.billingsmtdds.com,Billings,Montana,Dentists
whdbillings@gmail.com,"Winterholler Dentistry & Implant Surgery",http://www.winterhollerdentistry.com,Billings,Montana,"Dental implants periodontist"
prilldentalmt@gmail.com,"Prill Dental",http://www.prilldental.com,Billings,Montana,Dentist
thomassmiles1@gmail.com,"Joseph Thomas",http://www.bigskysmiles.com,Billings,Montana,Dentist
perettidental@gmail.com,"Peretti Donald J DDS",http://perettidental.com,Billings,Montana,Dentist
drspencerzaugg@gmail.com,"High Plains Dental Center",http://www.drspencerzaugg.com,Billings,Montana,"Dental clinic"
dockrisko@gmail.com,"Chad E. Kriskovich DDS",https://www.kriskovichdds.com,Billings,Montana,Dentist
michaelstuartlsi@gmail.com,"Stannebein Craig D.M.D",http://legacy-smiles.com,Billings,Montana,Dentist
1540heightsdental@gmail.com,"Jason Vaira DMD",http://billingsheightsdental.com,Billings,Montana,Dentist
stokkefamilydentistry@gmail.com,"Stokke Family Dentistry PLLC",https://stokkefamilydentistry.com,Laurel,Montana,Dentist
jlcrowl@msn.com,"Jody L. Crowl DDS",http://www.crowldentistry.com,Laurel,Montana,Dentist
montanasmilesortho@gmail.com,"Montana Smiles Orthodontics",http://mtsmilesortho.com,Billings,Montana,Orthodontist
mcqueendds@yahoo.com,"McQueen Family Dentistry",http://billingsgentledentist.com,Billings,Montana,"General Dentistry"
north.pamir@gmail.com,"Blackford Allen Dentist",https://fr.yelp.ca,Billings,Montana,Dentist
www.clarkforkdental@gmail.com,"John Spierling DMD",http://clarkforkdental.com,Missoula,Montana,Dentist
jensendentalmt@gmail.com,"Jensen Dental Dr. Hank Jensen",https://www.jensendentalmt.com,Missoula,Montana,"Dental clinic"
april.dds@gmail.com,"3 Rivers Pediatric Dentistry",https://www.3rpd.com,Missoula,Montana,Dentist
mtneighborhooddental@gmail.com,"Neighborhood Dental",http://mtneighborhooddental.com,Missoula,Montana,Dentist
missouladental@gmail.com,"Missoula Dental",https://www.missouladental.com,Missoula,Montana,Dentist
thewalldr.inc@gmail.com,"Dr. Russ P. Read DDS",http://thewalldoctorinc.com,Missoula,Montana,Dentist
mtdenturecenter@gmail.com,"Denture Center",http://www.mtdenturecenter.com,Missoula,Montana,"Denture Care Centre"
lolodentalpc@gmail.com,"Lolo Dental Clinic: Hillberry Steven DDS",https://www.lolodental.com,Lolo,Montana,Dentist
smilecare.n.labbe@gmail.com,"Sayne & Karvandi Ortho",http://www.smilecarepllc.com,Hamilton,Montana,Dentist
capronfamilydental@gmail.com,"Capron Family Dental",http://capronfamilydental.com,Hamilton,Montana,Dentist
montanadentalgroupcf@outlook.com,"Montana Dental Group",https://montanadentalgroup.com,Polson,Montana,Dentist
bayviewdentalmontana@gmail.com,"Bayview Dental",http://bayviewdentalmontana.com,Polson,Montana,Dentist
elkhornfamilydental@gmail.com,"Elkhorn Family Dental",http://elkhornfamilydental.com,Boulder,Montana,Dentist
aprilwalsh7@gmail.com,"Capital City Dentistry",http://www.capitalcitydmd.com,Helena,Montana,Dentist
drcoonen@gmail.com,"Coonen Martin K DDS",http://www.coonendental.com,Helena,Montana,"Cosmetic dentist"
helenaparkviewdental2@gmail.com,"Park View Dental",https://www.helenaparkviewdental.com,Helena,Montana,Dentist
mtimplantsandperio@gmail.com,"Dr. Jaden H. Erwin DDS MSD",http://www.mtimplantsandperio.com,Helena,Montana,"Dental implants periodontist"
mastdentistry@gmail.com,"Mast Laser Dentistry",http://mastfamilydentistry.com,Helena,Montana,Dentist
dr.sheahanrmdc@gmail.com,"Rocky Mountain Dental Clinic",http://www.drsheahan.com,Helena,Montana,"Dental clinic"
townsenddentaldds@gmail.com,"DR. JOSEPH FLECHAS",http://www.townsenddental406.com,Townsend,Montana,Dentist
hyalitefamily@hotmail.com,"Hyalite Family Dentistry",http://hyalitefamilydentistry.com,Bozeman,Montana,Dentist
pioneerdentalstudiomt@hotmail.com,"Pioneer Dental Studio",http://www.pioneerdentalstudio.com,Helena,Montana,"Cosmetic Dentists"
bigskydentalcenter@gmail.com,"Big Sky Dental Center",https://www.bigskydentalcenter.com,Bozeman,Montana,Dentist
bozemandental@live.com,"Bozeman Dental Associates",http://www.bozemandentalassoc.com,Bozeman,Montana,Dentist
moosfamilydental@gmail.com,"Moos Family Dental PC",http://www.moosfamilydental.com,Bozeman,Montana,Dentist
willsamsondds@gmail.com,"Summit Dental William Samson DDS",http://www.bozemandentalcare.com,Bozeman,Montana,Dentist
repscherdental@gmail.com,"Repscher Dental",https://www.repscherdental.com,Bozeman,Montana,Dentist
cottonwoodcreekdental@yahoo.com,"Cottonwood Creek Dental",http://www.ccdbzn.com,Bozeman,Montana,"Dental clinic"
april.todd@hotmail.com,"Hamling Jeffrey DDS",http://bigskyendo.com,Bozeman,Montana,Dentist
spainhowerdds@gmail.com,"Steven L. Spainhower DDS",https://drspainhowerddsbozeman.weebly.com,Bozeman,Montana,Dentist
alpenglowfamilydentistry@gmail.com,"Dr. Brand Robinson",http://www.robinsonmelzerdental.com,Bozeman,Montana,Dentist
406perio@gmail.com,"406 Periodontics",https://www.406perio.com,Bozeman,Montana,Dentist
manhattandental108@yahoo.com,"Manhattan Family Dental",https://www.mymontanasmile.com,Manhattan,Montana,"Dental clinic"
mountainpearlsdentistry@gmail.com,"Mountain Pearls Dentistry",http://www.mountainpearlsdentistry.com,"Big Sky",Montana,Dentist
kagyfamilydentalmt@gmail.com,"Kagy Family Dental",https://www.kagyfamilydentalmt.com,Bozeman,Montana,"Dental clinic"
yellowstonedental@gmail.com,"Yellowstone Dental",https://www.yellowstonedental.com,Livingston,Montana,"Dental clinic"
domlaboratory@gmail.com,"DOM Dental Lab",http://www.domdentallab.com,Bozeman,Montana,"Dentist & Dental Office"
drdsacry@yahoo.com,"Whitehall Dental Group",http://www.dennissacry.com,Whitehall,Montana,Dentist
cristfamilydental@gmail.com,"Dr. Alan Crist DDS",http://cristdental.com,"Great Falls",Montana,"Cosmetic dentist"
greatfallspediatricdentistry@yahoo.com,"Great Falls Pediatric Dentistry",https://greatfallspd.com,"Great Falls",Montana,"Paediatric Dentist"
bruce2523dental@gmail.com,"Bruce Family Dentistry PC",https://www.brucefamilydds.com,"Great Falls",Montana,Dentist
glacierfamilydental@gmail.com,"Glacier Family Dental",http://glacierfamilydental.com,"Great Falls",Montana,Dentist
efd2500bobcat@gmail.com,"Elkin Family Dentistry PC",https://www.elkinfamilydentistry.com,"Great Falls",Montana,Dentist
svoydds@gmail.com,"Voy Scott E DDS",https://scottvoydds.business.site,"Great Falls",Montana,Dentist
jdeanortho@gmail.com,"Great Falls Periodontics",http://www.greatfallsperiodontics.com,"Great Falls",Montana,"Dental clinic"
drbruchortho@gmail.com,"Bruch Orthodontics",http://www.bruchorthodontics.com,"Great Falls",Montana,Orthodontist
marshallorthodontics@gmail.com,"Marshall Orthodontics",http://marshallorthodontics.com,"Great Falls",Montana,Orthodontist
denturisttwc@gmail.com,"First Impressions Denture Clinic-Allen Casteel Denturist",http://firstimpressionsdentureclinic.net,"Great Falls",Montana,"Denture Care Centre"
homegrowndentalmt@gmail.com,"Homegrown Dental",https://www.yourgreatfallsdentist.com,"Great Falls",Montana,Dentist
jpwaltersdentistry@gmail.com,"J.P. Walters DDS Family Dentistry",http://buttemtdentist.com,Butte,Montana,"General Dentistry"
sapphirefront@gmail.com,"Sapphire Dental - Heather Blanchard DDS",http://www.drheatherblanchard.com,Kalispell,Montana,Dentists
drtompittaway@gmail.com,"One Dental Center: Pittaway Thomas DDS",http://www.onedentalcenter.com,Kalispell,Montana,Dentist
dentaldistinctions@gmail.com,"Dental Distinctions",http://montanafamilydental.com,Kalispell,Montana,Dentist
gpddsron@gmail.com,"Greenery Park Dentistry",http://greeneryparkdentistry.com,Kalispell,Montana,"Cosmetic dentist"
kkiddsl@gmail.com,"Kalispell Kidds",http://kalispellkiddsteeth.com,Kalispell,Montana,"Paediatric Dentist"
bigheartfamilydentistry@gmail.com,"Big Heart Family Dentistry",https://www.bigheartfamilydentistry.com,Kalispell,Montana,Dentist
toothbooth@gmail.com,"The ToothBooth: Joel M Booth DDS",https://www.toothboothmt.com,Kalispell,Montana,Dentist
summitdentalmt@gmail.com,"Summit Dental Group",http://summitdentalmt.com,Kalispell,Montana,Dentist
cedarwooddentistry@gmail.com,"Cedarwood West Dentistry - Stephen Seheult DDS",http://www.cedarwooddentistry.com,"Columbia Falls",Montana,Dentist
buffingtondental@gmail.com,"Buffington Dental: Neal J Buffington DDS",http://www.buffingtondental.com,"Columbia Falls",Montana,Dentist
flatheaddenture@gmail.com,"Flathead Denture",http://www.montanadentures.net,"Columbia Falls",Montana,Dentist
erikjohnsondental@gmail.com,"Erik Johnson DMD",http://www.erikjohnsondmd.com,Butte,Montana,Dentist
drthomasddspc.lnowak@gmail.com,"Dr. Paul F Thomas DDS",http://www.paulthomasdds.com,Butte,Montana,Dentist
rimrockdentalclinic@aol.com,"Jason James Roan DDS",http://rimrockdentalclinic.com,GLENDIVE,Montana,"Dental clinic"
mcphersondds@gmail.com,"Kevin R McPherson DDS",http://kmcphersondds.com,Glendive,Montana,Dentist
hinestrucking21@yahoo.com,"Dr. Pamela M. Lilly DDS",http://hinestruckingandexcavating.godaddysites.com,Whitefish,Montana,Dentist
drs.moen@gmail.com,"Moen Family Dental Center Dentist Lewistown MT",http://www.moenfamilydental.com,Lewistown,Montana,Dentist
tranquilsmiles@gmail.com,"Dr. James H. Wolfe DDS",https://www.heartlandconstructionmt.com,Dillon,Montana,Dentist
drcurtisandrews@gmail.com,"Andrews Orthodontics",http://www.andrewsorthodontics.com,Butte,Montana,Orthodontist
yellowstonesmiles@gmail.com,"West Yellowstone Dental",http://westyellowstonedental.com,"West Yellowstone",Montana,Dentist
finkdentalcenter@gmail.com,"Fink Dental Center",http://www.finkdentalcenter.com,Sidney,Montana,Dentist
dentalsidney@gmail.com,"Sidney Dental",https://www.sidneydental.net,Sidney,Montana,"Dental clinic"
hairetc5@gmail.com,"Lone Mountain Dental Studio",https://asapwildlifecontrolmt.com,Polson,Montana,Dentists
abdental340@gmail.com,"Absaroka Beartooth Dental",https://absarokabeartoothdental.com,Columbus,Montana,Dentist
trishandmike55@gmail.com,"Calderwood Dean W DDS",http://missionvalleylive.com,Polson,Montana,"General Dentistry"
jerrymartindentistry@gmail.com,"Martin Jerry D",http://jerrymartindds.com,Chester,Montana,"General Dentistry"
sterlingdentalpc@gmail.com,"Sterling Dental",https://sterlingdentallibby.com,Libby,Montana,Dentists
