email,company,website,city,state,profession
seabreeze@alphadentalcenter.com,"Weymouth Family Dental Care",https://alphadentalcenter.com,Weymouth,Massachusetts,"Cosmetic dentist"
julie@drgrazioso.com,"South Shore Childrens Dentistry",https://drgrazioso.com,Cohasset,Massachusetts,"Paediatric Dentist"
drsteve@drmatarazzo.com,"Dr. Stephen Matarazzo",https://www.quincysmilecenter.com,Quincy,Massachusetts,"Dental clinic"
kids@greaterbostonsmiles.com,"Greater Boston Smiles",http://greaterbostonpediatricdentistry.com,Quincy,Massachusetts,"Paediatric Dentist"
drcaroline@hinghamkids.com,"Hingham Pediatric Dentistry PC",http://www.hinghamkids.com,Norwell,Massachusetts,"Paediatric Dentist"
myra@icusmiletoday.com,"Dr.Myra Brennan - IcuSmile Specialty Clinic",http://icusmiletoday.com,Hingham,Massachusetts,"Cosmetic dentist"
smile@dentalsouthshore.com,"South Shore Dental Prosthetics",https://www.quincycosmeticdentist.net,Quincy,Massachusetts,"Dental clinic"
hanguyen@amdpi.com,"American Dental Partners Inc",http://www.amdpi.com,Wakefield,Massachusetts,"Dental clinic"
drwilliams@emergencydentalservice.com,"Steven Garland",https://www.emergencydentalservice.com,"South Weymouth",Massachusetts,"Oral surgeon"
kids@ruizdmd.com,"Brockton Pediatric Dentistry & Orthodontics",http://www.brocktonpediatricdentistryorthodontics.com,Brockton,Massachusetts,"Pediatric Dentist"
smile@benedental.com,"DR. DEBORAH KIM",https://www.benedental.com,Norwell,Massachusetts,"Dental clinic"
jcoyne@southeasternoralsurgeons.com,"Southeastern Oral & Maxillofacial Surgeons",http://southeasternoralsurgeons.com,Brockton,Massachusetts,"Oral Surgeon"
drmedeiros@lennondentistry.com,"Lennon Dental & Associates",http://www.lennondentistry.com,Woburn,Massachusetts,"Dental clinic"
linda@pdadentalgroup.com,"PDA Dental Group / Pediatric Dental Associates",http://www.pdadentalgroup.com,Winchester,Massachusetts,"Paediatric Dentist"
appointments@supersmilesburlington.com,"Super Smiles Dental",http://www.supersmilesburlington.com,Burlington,Massachusetts,"Dental clinic"
bob@soperdds.com,"Forever Family Dental",http://dentistwilmingtonma.com,Wilmington,Massachusetts,"Dental clinic"
am@muzzeysmiles.com,"Dr. Carolyn M. Coppe DMD",http://www.drcoppe.com,Lexington,Massachusetts,"Paediatric Dentist"
rclancy@cosmeticsmileteam.com,"Divine Smiles",https://www.divinesmiles.com,Woburn,Massachusetts,"Cosmetic dentist"
appointments@melrosefamilydental.com,"Melrose Dental Group",http://melrosedentalgroup.com,Melrose,Massachusetts,"Cosmetic Dentist"
pjg@verizon.net,"TLC Dental of Medford",https://www.tlcdentalofmedford.com,Medford,Massachusetts,"Dental clinic"
freshponddental@42northdental.com,"Fresh Pond Dental",http://freshponddental.com,Cambridge,Massachusetts,"Cosmetic Dentist"
smile@dentalservices-pc.com,"Dental Services P.C.",https://dentalservices-pc.com,Cambridge,Massachusetts,"General Dentistry"
paul@dfdental.net,"Dipietro Family Dental Care",http://dfdentalcare.com,Revere,Massachusetts,"General Dentistry"
alldentalwatertown@42northdental.com,"All Dental Center",https://www.alldentalcenter.com,Watertown,Massachusetts,"General Dentistry"
burlington@oralsurgeryma.com,"DR. PAUL GORDON",https://www.oralsurgeryma.com,BURLINGTON,Massachusetts,"Oral and maxillofacial surgeon"
smile@divinesmiles.com,"Cosmetic & Esthetic Dentistry",http://www.cosmeticsmileteam.com,Medford,Massachusetts,"Cosmetic dentist"
garrett@vineyardhavendentist.com,"Garrett Orazem DMD",http://www.vineyardhavendentist.com,"Vineyard Haven",Massachusetts,"General Dentistry"
dr.savas@verizon.net,"Christy Savas DDS",http://www.drchristysavas.com,Worcester,Massachusetts,"Cosmetic dentist"
rsam@smilesbytanoglu.com,"Sam Tanoglu DMD",http://www.smilesbytanoglu.com,Worcester,Massachusetts,"Cosmetic dentist"
newenglandkids@toothmd.net,"New England Kids Pediatric Dentistry General Dentistry and Orthodontics",https://www.newengland-kids.com,Auburn,Massachusetts,"Paediatric Dentist"
marlboro@pediatricdentistcm.com,"Pediatric Dentistry",http://www.pediatricdentistcm.com,Marlborough,Massachusetts,"Paediatric Dentist"
smiles@mychildrensdentist.com,"Childrens Dentistry of Northborough: Jolanta Macdonald DMD",https://www.mychildrensdentist.com,Northborough,Massachusetts,"Paediatric Dentist"
smile@fdgwest.com,"Family Dental Group",http://www.fdgwest.com,Westborough,Massachusetts,"Dental clinic"
dentistry@welcomesmiles.com,"Welcome Smiles",http://www.welcomesmiles.com,Auburn,Massachusetts,"Dental clinic"
broker_relations@harvardpilgrim.org,"Harvard Pilgrim Health Care",http://harvardpilgrim.org,Worcester,Massachusetts,"Insurance agency"
glavelle@corporatebenefitplans.com,"Corporate Benefit Plans",http://www.corporatebenefitplans.com,Worcester,Massachusetts,"Insurance agency"
kkoll@ameritas.com,"Ameritas Group Dental & Eyecare",http://www.ameritas.com,Northborough,Massachusetts,"Insurance agency"
bgosman@trustmarkbenefits.com,"Trust Mark Insurance Company",http://www.trustmarkinsurance.com,Worcester,Massachusetts,"Insurance agency"
grinners@smiledirectclub.com,SmileDirectClub,https://smiledirectclub.com,Worcester,Massachusetts,"Teeth Whitening"
doctor@shanahandmd.com,"Grace Kevin P DMD",https://www.shanahandmd.com,Spencer,Massachusetts,"General Dentistry"
commonwealthdental@dentistryandbraces.com,"Zohni Khaled C DMD",https://www.commonwealthdentalassociates.com,Westborough,Massachusetts,"General Dentistry"
