email,company,website,city,state,profession
ejodene@yahoo.com,"Parra Family Dentistry",https://www.parrafamilydentistry.com,Omaha,Nebraska,Dentist
40dfamilydentistry@gmail.com,"40th & Dodge Family Dentistry",https://40thanddodgefamilydentistry.com,Omaha,Nebraska,Dentist
afdpc@aol.com,"Anding Family Dental - Omaha",https://andingfamilydental.com,Omaha,Nebraska,Dentist
midtowndentalomaha@gmail.com,"Midtown Dental",http://midtowndentalomaha.com,Omaha,Nebraska,Dentist
premiersmile@yahoo.com,"Premier Dental",http://www.premiersmile.com,Omaha,Nebraska,Dentist
irishtaylordental@gmail.com,"Omaha Family Dental of Elmwood",http://omahasfamilydental.com,Omaha,Nebraska,Dentist
burchfieldental@gmail.com,"Burchfiel Dental PC: Burchfiel T Patrick DDS",http://www.burchfieldental.com,Omaha,Nebraska,Dentist
smiles4kidsomaha@gmail.com,"Smiles 4 Kids",http://www.smiles4kidsomaha.com,Omaha,Nebraska,"Paediatric Dentist"
familydental727@gmail.com,"Alpine Dental Associates",https://www.alpinedentalassociates.com,Omaha,Nebraska,Dentist
beckyomahadds@gmail.com,"90th & Dodge Family Dentistry",http://www.omahadds.com,Omaha,Nebraska,Dentist
eaglerundental@hotmail.com,"Eagle Run West Dental Group",https://www.eaglerundental.com,Omaha,Nebraska,Dentist
tdelkhorn@gmail.com,"Today’s Dental -  Aksarben",http://www.mytodaysdental.com,Omaha,Nebraska,Dentists
drmikestarkey@yahoo.com,"Omaha Sedation Dental Center",http://www.sedationdentalomaha.com,Omaha,Nebraska,Dentist
pedopc@gmail.com,"Pedodontics Pc: Strunk Lisa J DDS",http://www.pedodonticspc.com,Omaha,Nebraska,"Paediatric Dentist"
mcmanigaldentistry@gmail.com,"McManigal Family Dentistry",http://www.mcmanigaldental.com,Omaha,Nebraska,Dentist
dehmah@aol.com,"Hoover Dental",http://hooverdental.org,Omaha,Nebraska,Dentist
healthysmilesne@gmail.com,"Q Street Dental",http://qstreetdental.com,Omaha,Nebraska,Dentist
lakesidedental8@hotmail.com,"Lakeside Dental",http://lakesidedentalne.com,Omaha,Nebraska,Dentist
mattbolampertidds@gmail.com,"Matt Bolamperti D.D.S. - Cosmetic & Family Dentistry",https://www.mattbolampertidds.com,Omaha,Nebraska,Dentist
clocktowerdental1@hotmail.com,"Dr. Christine Kozal",http://clocktowerdentalgroup.com,Omaha,Nebraska,Dentist
legacydentalom@gmail.com,"Legacy Dental",https://legacydentalomaha.com,Omaha,Nebraska,Dentist
knaussdental@hotmail.com,"Michael E. Knauss DDS PC",http://www.knaussdental.com,Omaha,Nebraska,Dentist
dentalinnovations1@hotmail.com,"Dental Innovations Omaha",http://www.dentistryomaha.com,Omaha,Nebraska,Dentist
applefdc@aol.com,"Apple Family Dental Care",http://www.applefamilydentalcare.com,Omaha,Nebraska,"Dental clinic"
hjillwilson@hotmail.com,"Walnut Grove Smiles: Heather Wilson DDS",https://www.walnutgrovesmiles.com,Omaha,Nebraska,Dentist
blechafamilydental@gmail.com,"Blecha Family Dental",http://www.blechafamilydental.com,Omaha,Nebraska,Dentist
thehealthysmiles@gmail.com,"Healthy Smiles Family Dentistry",http://omahahealthysmiles.com,Omaha,Nebraska,Dentist
sdwegner@aol.com,"Steven D Wegner DDS",http://smilesofomaha.com,Omaha,Nebraska,"Dental clinic"
drnataliefrost@gmail.com,"Frost Periodontics & Dental Implants",http://www.frostperio.com,Omaha,Nebraska,"Dental implants periodontist"
licedoctors@aol.com,"Dr. William G. Carney DDS",https://www.licedoctors.com,Omaha,Nebraska,Dentist
tjbolt@aol.com,"Thomas J. Bolt DDS",http://www.drtjbolt.com,Omaha,Nebraska,Dentist
nhugheshandyman@gmail.com,"Walnut Creek Pediatric Dentistry",https://www.walnutcreekteeth.com,Papillion,Nebraska,"Paediatric Dentist"
staceydental@yahoo.com,"Stacey Family Dental",http://www.richardstaceydds.com,Bellevue,Nebraska,Dentist
melisa.dworakdentistry@gmail.com,"Capehart Family Dentistry - Bellevue",http://www.capehartdental.com,Bellevue,Nebraska,Dentist
kpschneiderdds@gmail.com,"Dr. Kathryn P. Schneider DDS",http://www.schneidercocofamilydentistry.com,Omaha,Nebraska,Dentist
longoorthodontics@gmail.com,"Longo Orthodontics",http://www.longoorthodontics.com,Omaha,Nebraska,Dentist
whisperingridgedentistry@gmail.com,"Whispering Ridge Family Dentistry",http://whisperingridgedentistry.com,Omaha,Nebraska,Dentist
integrityfamilydentistry@gmail.com,"Integrity Family Dentistry",http://www.integrityfamilydentistry.com,Elkhorn,Nebraska,Dentist
cynthia.turcotte1972@gmail.com,"Weber Orthodontics",https://www.weberorthodontics.com,Omaha,Nebraska,Orthodontist
kyle.calvert123@gmail.com,"Physicians Mutual",https://www.physiciansmutual.com,Omaha,Nebraska,"Insurance agency"
bacinodental@aol.com,"Bacino Paul E DDS",http://paulbacinodentistry.com,Bennington,Nebraska,Dentist
pshyken@gmail.com,"Paul Shyken D.D.S.",http://www.shykendentistry.com,Ralston,Nebraska,Dentist
a.familydentistry@yahoo.com,"Akkoseoglu Ali DDS",http://www.akkoseogludentistry.com,Omaha,Nebraska,Dentist
dylangaillarddds@gmail.com,"Georgetowne Family Dentistry",http://georgetownefamilydentistry.com,Omaha,Nebraska,Dentist
metrowestdental@gmail.com,"Metro West Orthodontics & Periodontics",https://www.metrowestorthoperio.com,"La Vista",Nebraska,Orthodontist
liebfamdentistry@hotmail.com,"Liebentritt Family Dentistry",https://springfieldnedentist.com,Springfield,Nebraska,Dentist
samuelsonortho@gmail.com,"Greg Samuelson DDS MSD",https://www.samuelsonortho.com,Omaha,Nebraska,Orthodontist
north.pamir@gmail.com,"Dr John R. Pantalone DDS Family Dentistry",https://fr.yelp.ca,Omaha,Nebraska,Dentist
lmatranga@aol.com,"40th & Dodge Family Dentistry",http://40thanddodgefamilydentistryne.com,Omaha,Nebraska,Dentists
soukupdentistry@gmail.com,"Soukup Dentistry PC Jessica J Soukup DDS",http://www.soukupdentistry.com,Lincoln,Nebraska,Dentist
northstardental@hotmail.com,"Lincoln Family Dentistry: Affordable and Sedation Dentistry",https://lincolnfamilydentistry.com,Lincoln,Nebraska,Dentist
cherryhilldentistry@yahoo.com,"Cherry Hill Dentistry",https://cherryhilldentistryllc.com,Lincoln,Nebraska,Dentist
arjayetzelmiller@yahoo.com,"Pine Lake Dental",http://www.pinelakedental.com,Lincoln,Nebraska,Dentist
nebraskafamilydentistrycodd@gmail.com,"Nebraska Family Dentistry: West Lincoln",http://dentalemergencylincoln.com,Lincoln,Nebraska,"Dental clinic"
drmartin1986@gmail.com,"Dr. Dennis C. Martin DDS",http://www.dennismartindds.com,Lincoln,Nebraska,Dentist
northridgedental@gmail.com,"Northridge Dental",https://www.northridgedental.org,Lincoln,Nebraska,Dentist
nebraskafamilydentistryspd@gmail.com,"Southpointe Family Dental",https://dentalsouthpointe.com,Lincoln,Nebraska,Dentist
westgatedentallincoln@gmail.com,"West Gate Dental",http://www.westgatedentallincoln.com,Lincoln,Nebraska,Dentist
nebraskafamilydentistrynsd@gmail.com,"NorthStar Dental",https://northstardentalne.com,Lincoln,Nebraska,Dentist
lincolngentledentist@gmail.com,"Gentle Family Dentistry - James Canarsky DDS Mary Canarsky DDS",http://www.lincolngentledentist.com,Lincoln,Nebraska,Dentist
cornhuskerfamilydental@gmail.com,"Cornhusker Family Dental",http://www.cornhuskerfamilydental.com,Lincoln,Nebraska,Dentist
nebraskafamilydentistry@gmail.com,"Nebraska Family Dentistry: East Lincoln",https://preservefamilydentistry.com,Lincoln,Nebraska,Dentist
morningglory1745@gmail.com,"Morning Glory Dental",http://www.morningglorydental.com,Lincoln,Nebraska,"Dental clinic"
dziegdds@gmail.com,"Dr Ziegs Dental Office",http://www.ziegdental.com,Lincoln,Nebraska,Dentist
fidentistrydds@gmail.com,"Dr. Derek Hoffman",http://www.dentalimplantslincoln.com,Lincoln,Nebraska,"Dental implants periodontist"
genrichfamilydentistry@yahoo.com,"Charles W Genrich DDS",http://www.genrichdental.com,Lincoln,Nebraska,Dentist
prairiedentistry@gmail.com,"Prairie Dental Group",http://prairiedentistry.com,Lincoln,Nebraska,"Dental clinic"
nebraskafamilydentistrynelfd@gmail.com,"Nebraska Family Dentistry: Northeast Location",https://lincolndentistne.com,Lincoln,Nebraska,Dentist
fournierdds@gmail.com,"Fournier Family Dentistry",https://www.fournierfamilydentistry.com,Lincoln,Nebraska,Dentist
gentledental.nmoss@gmail.com,"Gentle Dental",http://www.lincolnfamilydds.com,Lincoln,Nebraska,Dentist
periodoc3@yahoo.com,"Killeen Amy C DDS",http://www.lincolnperio.com,Lincoln,Nebraska,"Dental implants periodontist"
flossfamilydental@gmail.com,"FLOSS Family Dental and Surgical Center",http://www.flosslincoln.com,Lincoln,Nebraska,"Dental clinic"
lflagtwet@aol.com,"Prairie Skies Dental",http://prairieskiesdental.com,Lincoln,Nebraska,Dentist
parksfamilydental@gmail.com,"Parks Wesley N DDS",http://www.pioneerwoodsdental.com,Lincoln,Nebraska,Dentists
vanicekdental@gmail.com,"Mark L Vanicek PC",http://www.vanicekdds.com,Lincoln,Nebraska,Dentist
brunmeierdds@gmail.com,"Brunmeier Dental",https://www.lincolncosmeticdentist.biz,Lincoln,Nebraska,Dentist
kennedy.dental74@gmail.com,"Bruce O kennedy DDS",http://www.cretefamilydentistry.com,Wilber,Nebraska,Dentist
endodonticspc@gmail.com,"Endodontics PC",https://endodonticsnebraska.com,Lincoln,Nebraska,Dentist
centralparkdentalclinic@gmail.com,"Central Park Dental Center",http://www.centralparkdental.com,Lincoln,Nebraska,Dentist
emergency.lincolnorthodontics@gmail.com,"Braces & Smiles Orthodontics",http://www.lincolnorthodontics.co.uk,Lincoln,Nebraska,Orthodontist
brightsmile01@gmail.com,"Bright Smile Dental",http://brightsmilepasadena.com,Lincoln,Nebraska,"General Dentistry"
wdental.crete@gmail.com,"Kerns Steven G DDS",http://www.lincolnfamilydental.com,Lincoln,Nebraska,"Oral Surgeons"
mmcneely9@yahoo.com,"Mc Neely Molly DDS",http://mcneelydds.com,"Nebraska City",Nebraska,Dentist
kummerdental@hotmail.com,"Dr. Sonya L. Kummer DDS",http://kummerdental.com,"Nebraska City",Nebraska,Dentist
gretnadentist@hotmail.com,"Reichert Family Dentistry",http://www.gretnadentist.com,Gretna,Nebraska,"General Dentistry"
downtowndentalgi@gmail.com,"Downtown Dental",https://downtowndentalgi.com,"Grand Island",Nebraska,Dentist
drbraasch@gmail.com,"Dr. Bradley Braasch DDS",http://bradleybraaschdental.com,"Grand Island",Nebraska,Dentist
timothyjacobsdds@hotmail.com,"Jacobs Family Dentistry",https://www.timothyjacobsdds.com,"Grand Island",Nebraska,Dentist
centraldentalgroup2@gmail.com,"Dr. Alan L. Robertson DDS",http://www.cdgpc.com,Hastings,Nebraska,Dentist
udenlandgrendental@gmail.com,"Dr. David B. Landgren DDS",http://www.hastingsnedentist.net,Hastings,Nebraska,Dentist
timothyjjonesdds@gmail.com,"Dr. Tim Jones D.D.S.",http://jonesdentalclinic.com,Aurora,Nebraska,Dentist
loupcitydental@gmail.com,"Piskorski Dental",http://www.piskorskidental.com,Ord,Nebraska,Dentist
jackie_driscoll@outlook.com,"Driscoll Mark DDS",http://markdriscolldds.com,Hastings,Nebraska,Dentist
auroradentaltw@gmail.com,"Aurora Dental Clinic",http://www.auroradentalclinic.com,Aurora,Nebraska,Dentist
claycenterdental@hotmail.com,"Clay Center Dental Clinic",https://www.claycenterdentalclinic.com,"Clay Center",Nebraska,Dentist
lyonfamilydentistry@gmail.com,"Lyon Family Dentistry",https://www.lyonfamilydentistry.com,Kearney,Nebraska,Dentist
bushfamilydentistry@hotmail.com,"Bush Family Dentistry",http://www.bushdentistry.com,Kearney,Nebraska,Dentist
kearneykidsdentist@gmail.com,"Kearney Pediatric Dentistry",http://www.kearneykidsdentist.com,Kearney,Nebraska,"Paediatric Dentist"
plattevalleydental@gmail.com,"Dr. Ken C. Pedersen DDS",http://www.kearneydentist.com,Kearney,Nebraska,Dentist
drloschen@gmail.com,"Platinum Dental Studio",https://www.platinumdentalstudio.com,Kearney,Nebraska,Dentist
swensonorthopractice@gmail.com,"Dr. Steven J. Swenson DDS",http://kearneybraces.com,Kearney,Nebraska,Orthodontist
mandelkodentistry@gmail.com,"Michael Mandelko DDS P.C.",https://www.mandelkodds.com,Lexington,Nebraska,Dentist
hinzedental@gmail.com,"Hinze Grant J DDS PC",https://www.granthinzedentistry.com,Holdrege,Nebraska,Dentist
almafamilydental@gmail.com,"Alma Family Dentistry",http://www.almafamilydental.com,Alma,Nebraska,Dentist
fremontfamilydentistry@hotmail.com,"DR. ADAM LAMPRECHT",http://www.fremontnefamilydentistry.com,FREMONT,Nebraska,Dentist
saegerolsonddsllc@live.com,"Nye Avenue Dental (Dr. Olson and Dr. Pulfer)",http://fremontnedentist.com,Fremont,Nebraska,"Dental clinic"
scheerdental@gmail.com,"Scheer Family Dentistry (Dr Martin Scheer)",http://www.scheerfamilydentistry.com,Fremont,Nebraska,Dentist
highlinedentalpractice@gmail.com,"Highline Dental Practice",http://www.highlinedentalpractice.com,Fremont,Nebraska,"Cosmetic dentist"
smilelabsofomaha@gmail.com,"SmileLabs Of Omaha",https://smile-labs-of-omaha.business.site,Elkhorn,Nebraska,"Teeth whitening service"
goodlifedentalnp@gmail.com,"Good Life Dental PC",http://www.goodlifedentalnp.com,"North Platte",Nebraska,Dentist
prattdentalpc@gmail.com,"Pratt Dental PC",https://www.prattdental.com,"North Platte",Nebraska,"Dental clinic"
piperdental@gmail.com,"Piper Dental Clinic",http://piperdental.com,"North Platte",Nebraska,"Dental clinic"
hecoxdentistry@gmail.com,"Hecox Dentistry",https://www.hecoxdentistry.com,Gothenburg,Nebraska,Dentist
audreynaden@gmail.com,"Pony Express Family Dentistry",http://www.ponyexpressfamilydentistry.com,Gothenburg,Nebraska,"General Dentistry"
copefamilydentistry@gmail.com,"Medicine Creek Family Dentistry",https://www.medicinecreekdental.com,Cambridge,Nebraska,"Cosmetic dentist"
halfpricedental@outlook.com,"Wisler Dental",http://www.wislerdental.com,"North Platte",Nebraska,"Dental clinic"
familyandcosmeticdentistry@yahoo.com,"David Schroeder DDS - Family and Cosmetic Dentistry",http://drdavidschroeder.com,Norfolk,Nebraska,Dentist
starwooddental@gmail.com,"Starwood Dental P.C. Zachary A. Kopf DDS",http://www.starwooddental.com,Norfolk,Nebraska,Dentist
nelighfamilydentistry@gmail.com,"Neligh Family Dentistry",http://www.nelighfamilydentistry.com,Neligh,Nebraska,Dentist
katekusekdds@gmail.com,"Sam A McMillan DDS",http://albiondentalne.com,Albion,Nebraska,Dentist
tushaken@gmail.com,"Bloomfield Dental Clinic",http://www.drtusha.com,Bloomfield,Nebraska,Dentist
drstk14@outlook.com,"Shawn S Kralik",https://www.familydentalcenterofwestpoint.com,"West Point",Nebraska,Dentist
schuylerdentalclinic@live.com,"Schuyler Dental Clinic",https://schuylerdentalclinic.com,Schuyler,Nebraska,Dentist
fullertondental.ne@gmail.com,"Drs Maas and Pabian Dental Health Care",http://www.fullertonnedentist.com,Fullerton,Nebraska,Dentist
fabian_escobar_1@hotmail.com,"North Bend Family Dentistry",http://www.jafra.com,"North Bend",Nebraska,"Dental clinic"
markwestphal55@gmail.com,"Mark A Westphal DDS",http://www.markwestphaldds.com,Scottsbluff,Nebraska,Dentist
tbpieper@gmail.com,"Valley Dental Center",http://valley-dental-center.com,Scottsbluff,Nebraska,Dentist
mcfamilydentistry@gmail.com,"MC Family Dentistry",http://www.mcfamilydentist.com,Gering,Nebraska,Dentist
jimjirovec@yahoo.com,"Dr. James Edward Jirovec",http://www.cretedentalcenter.com,Crete,Nebraska,Dentist
judithkhurd@gmail.com,"Dr. Joseph J Hurd Orthodontist",http://www.exclusivelyortho.com,Papillion,Nebraska,Dentist
brycecushingdds@gmail.com,"Surfs Up Pediatric Dentistry",https://www.surfsupdental.com,Papillion,Nebraska,"Paediatric Dentist"
ogunleye@yahoo.com,"Omaha District Dental Society",https://www.omahadistrictds.com,Omaha,Nebraska,Dental
comfortdentalmockingbird@gmail.com,"Ceramic Dental Implant",https://ceramicdentalimplants.com,Omaha,Nebraska,"Dental implants periodontist"
tobiasdental@outlook.com,"Tobias Dental",http://mccookdentist.com,McCook,Nebraska,Dentist
bison.dental@hotmail.com,"Bison Dental",https://www.bisondental.com,McCook,Nebraska,Dentist
abdelabbate150@gmail.com,"Access Dental Clinic",https://www.accessdentalclinic.com,Wilcox,Nebraska,Dentists
dswestchester@gmail.com,"Blair Dental Clinic",https://www.patientconnect365.com,Blair,Nebraska,Dentist
jebdentist@aol.com,"Family Dentistry James E. Buttermore Dds Pc",https://www.drbuttermore.com,"South Sioux City",Nebraska,"General Dentistry"
aurorafamilydental.ne@gmail.com,"Allen J Michael DDS",http://aurorafamilydentalne.com,Aurora,Nebraska,"Oral Surgeons"
brandymillerphotography@gmail.com,"Kocian Family Dental",https://www.gretnafamilydental.com,Gretna,Nebraska,Dentist
swndc1@gmail.com,"Southwest Nebraska Dental Center - McCook",http://www.swnebraskadental.com,McCook,Nebraska,Dentist
omahabraces@gmail.com,"Clarke Stevens",https://bracesomaha.com,Omaha,Nebraska,Dentist
centralcityfamilydental@gmail.com,"Dickey Bryan D DDS",http://www.thedentistosceola.com,Osceola,Nebraska,"General Dentistry"
gumdiseasespecialists@outlook.com,"Gum Disease Specialists",http://www.periohealthomaha.com,Omaha,Nebraska,Dentist
gigiskincare12@gmail.com,"Schneider Sally",http://gigisskincare.godaddysites.com,Crete,Nebraska,Dentist
nelson.dental@hotmail.com,"Nelson Dental Clinic",http://www.nelsondentalclinic.net,Nelson,Nebraska,Dentist
four1_402@yahoo.com,"Ameritas Investment Corporation",https://4one.ueniweb.com,Fremont,Nebraska,"Insurance agency"
flagtwetdental@gmail.com,"Dr. Lonnie R Flagtwet",http://www.prairiedentallincoln.com,Lincoln,Nebraska,Dentist
stevesadc@gmail.com,"Auburn Dental Center",https://auburndentalcenter.com,Auburn,Nebraska,Dentist
sarahschroeder.dds@gmail.com,"Schroeder Family Dentistry",http://www.drsarahschroeder.com,Tecumseh,Nebraska,Dentist
drolsonortho@gmail.com,"Olson Orthodontics",http://drolsonortho.com,Omaha,Nebraska,Orthodontist
fairburysmile@gmail.com,"Ebke Jerold E Dr Dntst",http://fairburysmile.com,Fairbury,Nebraska,"General Dentistry"
jesuslozano107@yahoo.com,"Table Rock Dental Clinic",http://www.lozanoconstructionandroofing.com,"Table Rock",Nebraska,Dentist
spectrumds@yahoo.com,"Spectrum Dental Lab Inc",http://spectrumdentalscience.com,Union,Nebraska,Dentist
sandhillsfamilydental@gmail.com,"Sandhills Family Dental",http://www.sandhillsfamilydental.com,Valentine,Nebraska,Dentist
ainsworthdentalclinic@gmail.com,"Ainsworth Dental Clinic",http://www.ainsworthdentalclinic.com,Ainsworth,Nebraska,Dentists
