email,company,website,city,state,profession
rajat@milagro.in,"Nevada Dental",https://www.nevadadentalbenefits.com,"Las Vegas",Nevada,"Cosmetic dentist"
dane@dcare.org,"Dental Care International",https://dcare.org,"Las Vegas",Nevada,"Paediatric Dentist"
bonanza@bocadentalandbraces.com,"boca Dental and Braces",http://www.bocadentalandbraces.com,"Las Vegas",Nevada,"Dental clinic"
balle@lvcm.com,"Balle & Associates Cosmetic and Family Dentistry",https://balledds.com,"Las Vegas",Nevada,"Cosmetic dentist"
bellasmiles@mb2dental.com,"Bella Smiles",https://bellasmileslv.com,"Las Vegas",Nevada,"Cosmetic dentist"
drb@dreamdental.co,"Dream Dental",http://dreamdental.co,"Las Vegas",Nevada,"Dental clinic"
lvsmile@4mdentalimplants.com,"4M Dental Implant Center",https://4mdentalimplants.com,"Las Vegas",Nevada,"Dental implants periodontist"
smile@providencedental.com,"PROVIDENCE KIDS DENTAL",http://providencekidsdental.com,"Las Vegas",Nevada,"Dental clinic"
drhudson@hudsonfamilydentallv.com,"Hudson Family Dental - Las Vegas",http://www.hudsonfamilydentallv.com,"Las Vegas",Nevada,"Dental clinic"
ddlasvegas@heartlanddentalcare.com,"Kuiava Tim DDS",http://www.smilemagic.org,"Las Vegas",Nevada,"General Dentistry"
appointments@summerdentalnv.com,"Summer Kids Dental",https://www.summerkidsdental.com,"Las Vegas",Nevada,"Paediatric Dentist"
dralice@redrockkidsdental.com,"Red Rock Kids Dental",http://www.redrockkidsdental.com,"Las Vegas",Nevada,"Paediatric Dentist"
candice.harvey@affordabledentures.com,"Affordable Dentures & Implants",https://www.affordabledentures.com,"Las Vegas",Nevada,"Denture Care Centre"
drj@drjlv.com,"Preferred Family Dentistry Harmon",https://www.drjlv.com,"Las Vegas",Nevada,"Dental clinic"
alexander@mykidsdentistonline.com,"My Kids Dentist & Orthodontics",https://www.mkdalexander.com,"North Las Vegas",Nevada,"Paediatric Dentist"
karenf@truedentistry.com,"True Dentistry",https://www.truedentistry.com,"Las Vegas",Nevada,"Cosmetic dentist"
appointment@nvjawdoc.com,"Advance Oral & Maxillofacial Surgery - Steven Saxe DMD",http://www.nvjawdoc.com,"Las Vegas",Nevada,"Oral and maxillofacial surgeon"
drhong@drjameshong.com,"Lakeside Dental",http://drjameshong.com,"Las Vegas",Nevada,"Dental clinic"
drb@mydesertdental.com,"Desert Dental",http://www.mydesertdental.com,Henderson,Nevada,"Dental clinic"
lasvegas@mykidsdentistonline.com,"My Kids Dentist & Orthodontics",https://www.mkdlasvegas.com,"Las Vegas",Nevada,"Paediatric Dentist"
healthysmiles@webbersondds.com,"Hybrid Dental",http://hybrid-dental.com,"Las Vegas",Nevada,"Dental clinic"
mkdshadowmountain@smilegeneration.com,"My Kids Dentist and Orthodontics",https://www.mkdshadowmountain.com,"Las Vegas",Nevada,"Paediatric Dentist"
superstar@starorthopedo.com,"Star Orthodontics and Pediatric Dentistry",http://www.starorthopedo.com,"Las Vegas",Nevada,"Paediatric Dentist"
drwilliams@emergencydentalservice.com,"Emergency Dentist 24/7 Las Vegas",https://www.emergencydentalservice.com,"Las Vegas",Nevada,"Emergency dental service"
drtozzi@tozzilv.com,"Michaela Tozzi DMD",https://tozzilv.com,Henderson,Nevada,"Cosmetic dentist"
lbsmile@4mdentalimplants.com,"Dr. Sean Mohtashami - All Bright Dental",http://www.allbrightsmile.com,"Las Vegas",Nevada,"Cosmetic dentist"
drlevi@smilenevada.com,"Sorenson Pediatric Dentistry",http://www.sorensonpediatricdentistry.com,"Las Vegas",Nevada,"Paediatric Dentist"
jamie@emergencydentist247.com,"Emergency Dentist Las Vegas",https://www.emergencydentist247.com,"Las Vegas",Nevada,"Emergency dental service"
braceslv@sdentals.com,"Streamline Dental Solutions",https://sdentals.com,Henderson,Nevada,"Dental clinic"
drperrone@cox.net,"Marielaina Perrone DDS",https://drperrone.com,Henderson,Nevada,"Cosmetic dentist"
ssantos@hospitalitydental.com,"Hospitality Dental Group Las Vegas East",http://www.hospitalitydental.com,"Las Vegas",Nevada,"Dental clinic"
xray@glymanswanson.com,"Mark L Glyman MD DDS FACS",http://www.facialsurgery.org,"Las Vegas",Nevada,"Oral Surgeons"
tanner.holmes@smiledirectclub.com,"Smile Direct Club",https://smiledirectclub.com,"Las Vegas",Nevada,"Teeth Whitening"
hendersonkidsdentistry@smilegeneration.com,"Henderson Kids Dentistry & Orthodontics",https://www.hendersonkidsdentistry.com,Henderson,Nevada,"Paediatric Dentist"
mykidsdentiststrose@smilegeneration.com,"My Kids Dentist and Orthodontics",https://www.mykidsdentiststrose.com,Henderson,Nevada,"Paediatric Dentist"
jana@elevatepractices.com,"Horizon Ridge Dental",http://horizonridgedental.com,Henderson,Nevada,"Dental clinic"
newsmile@smiledentalvegas.com,"Smile Dental",http://www.smiledentalvegas.com,Henderson,Nevada,"Dental clinic"
unionvillagekidsdentistry@smilegeneration.com,"Union Village Kids Dentistry",https://www.unionvillagekidsdentistry.com,Henderson,Nevada,"Paediatric Dentist"
communicate@dentalavenue.net,"Dental Avenue",http://dentalavenue.net,Henderson,Nevada,"Dental clinic"
denise@davincibeautybar.com,"DaVinci Teeth Whitening",http://www.davinciteethwhiteningsystem.com,Henderson,Nevada,"Teeth whitening service"
therenodentist@mb2dental.com,"Reno Dentist",https://www.lastheadache.com,Reno,Nevada,"General Dentist"
appointments@davidwhitedds.com,"David M White DDS",https://www.davidwhitedds.com,Reno,Nevada,"Dental implants periodontist"
pedofront@champagnedental.com,"Champagne Pediatric Dentistry",https://champagnepediatricdentistry.com,Sparks,Nevada,"Paediatric Dentist"
angela@kiddentalnv.com,"Kid Dental",http://www.kiddentalreno.com,Reno,Nevada,"Paediatric Dentist"
iles@dentistryforchildrenreno.com,"Dentistry for Children",http://dentistryforchildrenreno.com,Sparks,Nevada,"Dental clinic"
slabowe@att.net,"Sparks Dental",http://sparksdentalnv.com,Sparks,Nevada,"Dental clinic"
quincy.glass@geha.com,"North Vegas Dental",https://www.ppousa.com,"North Las Vegas",Nevada,"Cosmetic dentist"
mykidsdentisthighlands@smilegeneration.com,"My Kids Dentist",https://www.mykidsdentisthighlands.com,"Las Vegas",Nevada,"Paediatric Dentist"
drb@zirteeth.com,ZirTeeth,https://zirteeth.com,"Las Vegas",Nevada,"Dental implants periodontist"
marisol@emergencydentistsusa.com,"North Las Vegas Emergency 24/7 Dental",https://www.emergencydentistsusa.com,"North Las Vegas",Nevada,"Emergency dental service"
lmclellan@quiznos.com,"Desert Palms Dental",http://www.quiznos.com,"North Las Vegas",Nevada,"General Dentistry"
405421907@021.com,"Wilson Timothy DDS",http://www.starsmileslv.com,"North Las Vegas",Nevada,"Pediatric Dentists"
rebecca@pidwc.com,"Hruska Jerome F MD PHD",https://pidwc.com,"Las Vegas",Nevada,"General Dentistry"
tara@computerartnv.com,"Dr. Ronald D. West",http://www.computerartnv.com,"Carson City",Nevada,"Cosmetic dentist"
lzabinski@aaoms.org,"James Pincock MD DMD",http://www.aaoms.org,"Carson City",Nevada,"Oral Surgeons"
sequim@sunrisedental.com,"Sunrise Dental",http://sunrisedental.com,"Las Vegas",Nevada,"General Dentistry"
ola.magnusson@kavokerr.com,"Axis Dental",http://axisdental.com,"Las Vegas",Nevada,"Dental clinic"
directorcr@fourseasonsdentalspa.com,"AAA Dental",http://www.dentistlasvegas.net,"Las Vegas",Nevada,"Cosmetic dentist"
smile@teethwhiteningvegas.com,"Vegas Teeth Whitening",http://www.teethwhiteningvegas.com,"6787 W Tropicana Ave Ste 252",Nevada,"Teeth whitening service"
smiles@dentalcareseattle.com,"Dental Care Seattle",http://www.dentalcareseattle.com,"Las Vegas",Nevada,"Cosmetic Dentists"
jeremy.connell@american-ins.com,"American Insurance & Investment of Nv",https://www.american-ins.com,"Las Vegas",Nevada,"Insurance agency"
louisville@mauiwhitening.com,"Maui Whitening",http://www.mauiwhitening.com,"Las Vegas",Nevada,"Teeth whitening service"
tgustafson@unum.com,"Unum Provident Corporation",https://www.unum.com,"Las Vegas",Nevada,"Insurance agency"
julieann@jewelsbenefits.com,"Jewels Benefits Incorporated",http://www.jewelsbenefits.com,"Carson City",Nevada,"Insurance agency"
dreddy@ccmsi.com,Ccmsi,https://www.ccmsi.com,"Carson City",Nevada,"Insurance agency"
sm@gb-ins.net,"Cusick Insurance Brokers Ltd.",https://www.cusickbrokers.com,"Las Vegas",Nevada,"Insurance agency"
drhoban@summerlinpediatricdentist.com,"Children’s Dentistry",http://summerlinpediatricdentist.com,"Las Vegas",Nevada,"Paediatric Dentist"
jim.keck@ductz.com,"Olema Romero - Aflac Insurance Agent",https://www.ductz.com,"Las Vegas",Nevada,"Insurance agency"
mlml@kona-ice.com,"Westbrook Benefits Inc - Aflac Insurance Agent",http://www.kona-ice.com,"Las Vegas",Nevada,"Insurance agency"
shareholder@aflac.com,"Aflac: Teresa Blake",http://local.aflac.com,"North Las Vegas",Nevada,"Insurance agency"
robert.maksymowski@horacemann.com,"Silver State Educators Insurance and Financial Services LLC Inc (DBA Horace Mann Insurance Company)",https://agents.horacemann.com,"Las Vegas",Nevada,"Insurance agency"
brent-davis@leavitt.com,"Leavitt Group - Dixie Leavitt Agency",https://www.leavitt.com,Mesquite,Nevada,"Insurance agency"
